"date","total_steps","weekday","weekend","change_from_previous_day","percent_change_from_previous_day"
2021-02-10,246,"Wednesday","Weekday",NA,NA
2021-02-12,169,"Friday","Weekday",-77,-31.3008130081301
2021-02-13,8067,"Saturday","Weekend",7898,4673.37278106509
2021-02-14,1879,"Sunday","Weekend",-6188,-76.7075740671873
2021-02-15,7255,"Monday","Weekday",5376,286.109632783395
2021-02-16,17478,"Tuesday","Weekday",10223,140.909717436251
2021-02-17,4505,"Wednesday","Weekday",-12973,-74.2247396727314
2021-02-18,6347,"Thursday","Weekday",1842,40.8879023307436
2021-02-19,2345,"Friday","Weekday",-4002,-63.0534110603435
2021-02-20,902,"Saturday","Weekend",-1443,-61.5351812366738
2021-02-21,4294,"Sunday","Weekend",3392,376.053215077605
2021-02-22,2153,"Monday","Weekday",-2141,-49.8602701443875
2021-02-23,1994,"Tuesday","Weekday",-159,-7.38504412447747
2021-02-24,678,"Wednesday","Weekday",-1316,-65.9979939819458
2021-02-25,3344,"Thursday","Weekday",2666,393.215339233038
2021-02-26,12445,"Friday","Weekday",9101,272.159090909091
2021-02-27,5424,"Saturday","Weekend",-7021,-56.4162314182403
2021-02-28,5201,"Sunday","Weekend",-223,-4.11135693215339
2021-03-01,2464,"Monday","Weekday",-2737,-52.6244952893674
2021-03-04,39,"Thursday","Weekday",-2425,-98.4172077922078
2021-03-05,3289,"Friday","Weekday",3250,8333.33333333333
2021-03-06,3815,"Saturday","Weekend",526,15.9927029492247
2021-03-07,3936,"Sunday","Weekend",121,3.17169069462647
2021-03-08,1996,"Monday","Weekday",-1940,-49.2886178861789
2021-03-09,3690,"Tuesday","Weekday",1694,84.8697394789579
2021-03-10,1981,"Wednesday","Weekday",-1709,-46.3143631436314
2021-03-11,5820,"Thursday","Weekday",3839,193.791014639071
2021-03-12,4543,"Friday","Weekday",-1277,-21.9415807560137
2021-03-13,3954,"Saturday","Weekend",-589,-12.9650011005943
2021-03-14,2976,"Sunday","Weekend",-978,-24.7344461305008
2021-03-15,96,"Monday","Weekday",-2880,-96.7741935483871
2021-03-16,674,"Tuesday","Weekday",578,602.083333333333
2021-03-17,2042,"Wednesday","Weekday",1368,202.967359050445
2021-03-18,2861,"Thursday","Weekday",819,40.1077375122429
2021-03-19,3790,"Friday","Weekday",929,32.4711639286963
2021-03-20,18140,"Saturday","Weekend",14350,378.627968337731
2021-03-21,2102,"Sunday","Weekend",-16038,-88.412348401323
2021-03-22,6611,"Monday","Weekday",4509,214.509990485252
2021-03-23,9,"Tuesday","Weekday",-6602,-99.863863258206
2021-03-24,2868,"Wednesday","Weekday",2859,31766.6666666667
2021-03-25,1478,"Thursday","Weekday",-1390,-48.465829846583
2021-03-26,9282,"Friday","Weekday",7804,528.010825439784
2021-03-27,2270,"Saturday","Weekend",-7012,-75.5440637793579
2021-03-28,2704,"Sunday","Weekend",434,19.1189427312775
2021-03-29,58,"Monday","Weekday",-2646,-97.8550295857988
2021-03-30,4481,"Tuesday","Weekday",4423,7625.86206896552
2021-03-31,7019,"Wednesday","Weekday",2538,56.6391430484267
2021-04-01,230,"Thursday","Weekday",-6789,-96.7231799401624
2021-04-02,4270,"Friday","Weekday",4040,1756.52173913043
2021-04-03,314,"Saturday","Weekend",-3956,-92.6463700234192
2021-04-04,8799,"Sunday","Weekend",8485,2702.22929936306
2021-04-05,2232,"Monday","Weekday",-6567,-74.6334810773952
2021-04-06,2148,"Tuesday","Weekday",-84,-3.76344086021505
2021-04-07,2716,"Wednesday","Weekday",568,26.4432029795158
2021-04-08,10,"Thursday","Weekday",-2706,-99.6318114874816
2021-04-09,1414,"Friday","Weekday",1404,14040
2021-04-10,2982,"Saturday","Weekend",1568,110.891089108911
2021-04-11,1280,"Sunday","Weekend",-1702,-57.0757880617036
2021-04-12,2247,"Monday","Weekday",967,75.546875
2021-04-13,463,"Tuesday","Weekday",-1784,-79.3947485536271
2021-04-14,2082,"Wednesday","Weekday",1619,349.676025917927
2021-04-15,35,"Thursday","Weekday",-2047,-98.3189241114313
2021-04-16,2727,"Friday","Weekday",2692,7691.42857142857
2021-04-17,1854,"Saturday","Weekend",-873,-32.013201320132
2021-04-18,1204,"Sunday","Weekend",-650,-35.059331175836
2021-04-19,2625,"Monday","Weekday",1421,118.023255813953
2021-04-20,8111,"Tuesday","Weekday",5486,208.990476190476
2021-04-21,5505,"Wednesday","Weekday",-2606,-32.1292072494144
2021-04-22,2732,"Thursday","Weekday",-2773,-50.3723887375114
2021-04-23,3512,"Friday","Weekday",780,28.5505124450952
2021-04-24,127,"Saturday","Weekend",-3385,-96.3838268792711
2021-04-26,4574,"Monday","Weekday",4447,3501.57480314961
2021-04-27,1891,"Tuesday","Weekday",-2683,-58.6576300830783
2021-04-28,5716,"Wednesday","Weekday",3825,202.273929138022
2021-04-29,1943,"Thursday","Weekday",-3773,-66.0076976906928
2021-04-30,3021,"Friday","Weekday",1078,55.4812146165723
2021-05-01,2835,"Saturday","Weekend",-186,-6.15690168818272
2021-05-02,87,"Sunday","Weekend",-2748,-96.9312169312169
2021-05-03,1895,"Monday","Weekday",1808,2078.16091954023
2021-05-04,157,"Tuesday","Weekday",-1738,-91.7150395778364
2021-05-05,6358,"Wednesday","Weekday",6201,3949.68152866242
2021-05-06,3533,"Thursday","Weekday",-2825,-44.4322113872287
2021-05-07,1568,"Friday","Weekday",-1965,-55.618454571186
2021-05-08,290,"Saturday","Weekend",-1278,-81.5051020408163
2021-05-09,1529,"Sunday","Weekend",1239,427.241379310345
2021-05-10,3475,"Monday","Weekday",1946,127.272727272727
2021-05-11,89,"Tuesday","Weekday",-3386,-97.4388489208633
2021-05-12,1051,"Wednesday","Weekday",962,1080.89887640449
2021-05-13,1744,"Thursday","Weekday",693,65.9372026641294
2021-05-14,2081,"Friday","Weekday",337,19.3233944954128
2021-05-15,1270,"Saturday","Weekend",-811,-38.9716482460356
2021-05-16,3964,"Sunday","Weekend",2694,212.125984251969
2021-05-17,3619,"Monday","Weekday",-345,-8.70332996972755
2021-05-18,4341,"Tuesday","Weekday",722,19.950262503454
2021-05-19,9473,"Wednesday","Weekday",5132,118.221607924441
2021-05-20,4956,"Thursday","Weekday",-4517,-47.6828882085928
2021-05-21,7854,"Friday","Weekday",2898,58.4745762711864
2021-05-22,4250,"Saturday","Weekend",-3604,-45.8874458874459
2021-05-23,2878,"Sunday","Weekend",-1372,-32.2823529411765
2021-05-24,10831,"Monday","Weekday",7953,276.337734537874
2021-05-25,5621,"Tuesday","Weekday",-5210,-48.1026682670114
2021-05-26,4348,"Wednesday","Weekday",-1273,-22.6472157979007
2021-05-27,3789,"Thursday","Weekday",-559,-12.8564857405704
2021-05-28,5867,"Friday","Weekday",2078,54.8429664819214
2021-05-29,4853,"Saturday","Weekend",-1014,-17.2831089142662
2021-05-30,8174,"Sunday","Weekend",3321,68.4318977951782
2021-05-31,3924,"Monday","Weekday",-4250,-51.9941277220455
2021-06-01,3289,"Tuesday","Weekday",-635,-16.1824668705403
2021-06-02,9523,"Wednesday","Weekday",6234,189.54089388872
2021-06-03,1501,"Thursday","Weekday",-8022,-84.2381602436207
2021-06-04,11733,"Friday","Weekday",10232,681.678880746169
2021-06-05,7175,"Saturday","Weekend",-4558,-38.8476945367766
2021-06-06,1716,"Sunday","Weekend",-5459,-76.0836236933798
2021-06-07,1560,"Monday","Weekday",-156,-9.09090909090909
2021-06-08,8884,"Tuesday","Weekday",7324,469.48717948718
2021-06-09,3875,"Wednesday","Weekday",-5009,-56.3822602431337
2021-06-10,4063,"Thursday","Weekday",188,4.85161290322581
2021-06-11,4647,"Friday","Weekday",584,14.3736155550086
2021-06-12,5162,"Saturday","Weekend",515,11.0824187647945
2021-06-13,1689,"Sunday","Weekend",-3473,-67.2801239829523
2021-06-14,11598,"Monday","Weekday",9909,586.678507992895
2021-06-15,6728,"Tuesday","Weekday",-4870,-41.9899982755648
2021-06-16,1732,"Wednesday","Weekday",-4996,-74.256837098692
2021-06-17,169,"Thursday","Weekday",-1563,-90.2424942263279
2021-06-18,603,"Friday","Weekday",434,256.804733727811
2021-06-19,970,"Saturday","Weekend",367,60.8623548922056
2021-06-20,492,"Sunday","Weekend",-478,-49.2783505154639
2021-06-21,5439,"Monday","Weekday",4947,1005.48780487805
2021-06-22,1282,"Tuesday","Weekday",-4157,-76.429490715205
2021-06-23,2859,"Wednesday","Weekday",1577,123.010920436817
2021-06-24,1719,"Thursday","Weekday",-1140,-39.8740818467996
2021-06-25,1439,"Friday","Weekday",-280,-16.2885398487493
2021-06-26,1697,"Saturday","Weekend",258,17.9291174426685
2021-06-27,6724,"Sunday","Weekend",5027,296.228638774308
2021-06-28,4260,"Monday","Weekday",-2464,-36.6448542534206
2021-06-29,3272,"Tuesday","Weekday",-988,-23.1924882629108
2021-06-30,353,"Wednesday","Weekday",-2919,-89.2114914425428
2021-07-01,343,"Thursday","Weekday",-10,-2.8328611898017
2021-07-02,6197,"Friday","Weekday",5854,1706.7055393586
2021-07-03,1346,"Saturday","Weekend",-4851,-78.2798128126513
2021-07-04,1537,"Sunday","Weekend",191,14.1901931649331
2021-07-05,5024,"Monday","Weekday",3487,226.870527000651
2021-07-06,9036,"Tuesday","Weekday",4012,79.8566878980892
2021-07-07,4874,"Wednesday","Weekday",-4162,-46.0602036299247
2021-07-08,4839,"Thursday","Weekday",-35,-0.718096019696348
2021-07-09,10231,"Friday","Weekday",5392,111.427980987807
2021-07-10,3118,"Saturday","Weekend",-7113,-69.5239956993451
2021-07-11,2228,"Sunday","Weekend",-890,-28.5439384220654
2021-07-12,8255,"Monday","Weekday",6027,270.511669658887
2021-07-13,4829,"Tuesday","Weekday",-3426,-41.5021199273168
2021-07-14,7088,"Wednesday","Weekday",2259,46.7798716090288
2021-07-15,8170,"Thursday","Weekday",1082,15.265237020316
2021-07-16,5581,"Friday","Weekday",-2589,-31.6891064871481
2021-07-17,10617,"Saturday","Weekend",5036,90.2347249596846
2021-07-18,3256,"Sunday","Weekend",-7361,-69.3322030705472
2021-07-19,7414,"Monday","Weekday",4158,127.702702702703
2021-07-20,7141,"Tuesday","Weekday",-273,-3.6822228216887
2021-07-21,4620,"Wednesday","Weekday",-2521,-35.3031788264949
2021-07-22,5057,"Thursday","Weekday",437,9.45887445887446
2021-07-23,7738,"Friday","Weekday",2681,53.0156219102235
2021-07-24,4484,"Saturday","Weekend",-3254,-42.0522098733523
2021-07-25,9894,"Sunday","Weekend",5410,120.651204281891
2021-07-26,5197,"Monday","Weekday",-4697,-47.4732160905599
2021-07-27,478,"Tuesday","Weekday",-4719,-90.8023859919184
2021-07-28,961,"Wednesday","Weekday",483,101.046025104603
2021-07-29,7122,"Thursday","Weekday",6161,641.103017689906
2021-07-30,2805,"Friday","Weekday",-4317,-60.6149957877001
2021-07-31,4410,"Saturday","Weekend",1605,57.2192513368984
2021-08-01,6753,"Sunday","Weekend",2343,53.1292517006803
2021-08-02,5198,"Monday","Weekday",-1555,-23.0268029024137
2021-08-03,6186,"Tuesday","Weekday",988,19.00731050404
2021-08-04,4131,"Wednesday","Weekday",-2055,-33.2201745877789
2021-08-05,7078,"Thursday","Weekday",2947,71.3386589203583
2021-08-06,5559,"Friday","Weekday",-1519,-21.4608646510314
2021-08-07,2802,"Saturday","Weekend",-2757,-49.5952509444145
2021-08-08,2259,"Sunday","Weekend",-543,-19.3790149892934
2021-08-09,6594,"Monday","Weekday",4335,191.899070385126
2021-08-10,6913,"Tuesday","Weekday",319,4.83773127085229
2021-08-11,8792,"Wednesday","Weekday",1879,27.1806740922899
2021-08-12,16423,"Thursday","Weekday",7631,86.794813466788
2021-08-13,3373,"Friday","Weekday",-13050,-79.4617304999087
2021-08-14,2672,"Saturday","Weekend",-701,-20.7826860361696
2021-08-15,3062,"Sunday","Weekend",390,14.5958083832335
2021-08-16,5580,"Monday","Weekday",2518,82.2338340953625
2021-08-17,6538,"Tuesday","Weekday",958,17.168458781362
2021-08-18,4891,"Wednesday","Weekday",-1647,-25.1911899663506
2021-08-19,10055,"Thursday","Weekday",5164,105.581680637906
2021-08-20,3018,"Friday","Weekday",-7037,-69.985082048732
2021-08-21,752,"Saturday","Weekend",-2266,-75.0828363154407
2021-08-22,4347,"Sunday","Weekend",3595,478.058510638298
2021-08-23,7019,"Monday","Weekday",2672,61.4676788589832
2021-08-24,6402,"Tuesday","Weekday",-617,-8.79042598660778
2021-08-25,5814,"Wednesday","Weekday",-588,-9.18462980318651
2021-08-26,8655,"Thursday","Weekday",2841,48.8648090815273
2021-08-27,3560,"Friday","Weekday",-5095,-58.8677065280185
2021-08-28,14426,"Saturday","Weekend",10866,305.224719101124
2021-08-29,5844,"Sunday","Weekend",-8582,-59.4898100651601
2021-08-30,7499,"Monday","Weekday",1655,28.3196440793977
2021-08-31,6996,"Tuesday","Weekday",-503,-6.70756100813442
2021-09-01,8445,"Wednesday","Weekday",1449,20.7118353344768
2021-09-02,4423,"Thursday","Weekday",-4022,-47.6258140911782
2021-09-03,1104,"Friday","Weekday",-3319,-75.039565905494
2021-09-04,1910,"Saturday","Weekend",806,73.0072463768116
2021-09-05,5198,"Sunday","Weekend",3288,172.146596858639
2021-09-06,9040,"Monday","Weekday",3842,73.9130434782609
2021-09-07,9127,"Tuesday","Weekday",87,0.962389380530973
2021-09-08,6189,"Wednesday","Weekday",-2938,-32.1902048866002
2021-09-09,2966,"Thursday","Weekday",-3223,-52.076264339958
2021-09-10,6026,"Friday","Weekday",3060,103.169251517195
2021-09-11,4555,"Saturday","Weekend",-1471,-24.4108861599734
2021-09-12,1364,"Sunday","Weekend",-3191,-70.0548847420417
2021-09-13,7472,"Monday","Weekday",6108,447.800586510264
2021-09-14,6884,"Tuesday","Weekday",-588,-7.86937901498929
2021-09-15,3352,"Wednesday","Weekday",-3532,-51.3073794305636
2021-09-16,3444,"Thursday","Weekday",92,2.74463007159905
2021-09-17,5729,"Friday","Weekday",2285,66.3472706155633
2021-09-18,2462,"Saturday","Weekend",-3267,-57.0256589282597
2021-09-19,5495,"Sunday","Weekend",3033,123.1925264013
2021-09-20,7483,"Monday","Weekday",1988,36.1783439490446
2021-09-21,4238,"Tuesday","Weekday",-3245,-43.3649605773086
2021-09-22,5970,"Wednesday","Weekday",1732,40.8683341198679
2021-09-23,6315,"Thursday","Weekday",345,5.77889447236181
2021-09-24,6130,"Friday","Weekday",-185,-2.92953285827395
2021-09-25,3661,"Saturday","Weekend",-2469,-40.2773246329527
2021-09-26,7159,"Sunday","Weekend",3498,95.5476645725212
2021-09-27,4496,"Monday","Weekday",-2663,-37.1979326721609
2021-09-28,7466,"Tuesday","Weekday",2970,66.05871886121
2021-09-29,3724,"Wednesday","Weekday",-3742,-50.1205464773641
2021-09-30,5710,"Thursday","Weekday",1986,53.3297529538131
2021-10-01,7452,"Friday","Weekday",1742,30.507880910683
2021-10-02,5708,"Saturday","Weekend",-1744,-23.4031132581857
2021-10-03,4094,"Sunday","Weekend",-1614,-28.2761037140855
2021-10-04,6062,"Monday","Weekday",1968,48.0703468490474
2021-10-05,6907,"Tuesday","Weekday",845,13.9392939623886
2021-10-06,5910,"Wednesday","Weekday",-997,-14.4346315332272
2021-10-07,7443,"Thursday","Weekday",1533,25.9390862944162
2021-10-08,6653,"Friday","Weekday",-790,-10.6139997312911
2021-10-09,2168,"Saturday","Weekend",-4485,-67.4131970539606
2021-10-10,9295,"Sunday","Weekend",7127,328.736162361624
2021-10-11,6483,"Monday","Weekday",-2812,-30.2528240989779
2021-10-12,4145,"Tuesday","Weekday",-2338,-36.0635508252352
2021-10-13,6211,"Wednesday","Weekday",2066,49.8431845597105
2021-10-14,6975,"Thursday","Weekday",764,12.3007567219449
2021-10-15,6108,"Friday","Weekday",-867,-12.4301075268817
2021-10-16,2777,"Saturday","Weekend",-3331,-54.5350360183366
2021-10-17,2348,"Sunday","Weekend",-429,-15.4483255311487
2021-10-18,4850,"Monday","Weekday",2502,106.558773424191
2021-10-19,5170,"Tuesday","Weekday",320,6.5979381443299
2021-10-20,5111,"Wednesday","Weekday",-59,-1.14119922630561
2021-10-21,7989,"Thursday","Weekday",2878,56.3099197808648
2021-10-22,5495,"Friday","Weekday",-2494,-31.2179246463888
2021-10-23,2410,"Saturday","Weekend",-3085,-56.1419472247498
2021-10-24,626,"Sunday","Weekend",-1784,-74.0248962655602
2021-10-25,6397,"Monday","Weekday",5771,921.884984025559
2021-10-26,5915,"Tuesday","Weekday",-482,-7.53478192902923
2021-10-27,5255,"Wednesday","Weekday",-660,-11.1580726965342
2021-10-28,8058,"Thursday","Weekday",2803,53.3396764985728
2021-10-29,6739,"Friday","Weekday",-1319,-16.3688260114172
2021-10-30,4293,"Saturday","Weekend",-2446,-36.2961863778009
2021-10-31,8964,"Sunday","Weekend",4671,108.805031446541
2021-11-01,8333,"Monday","Weekday",-631,-7.0392681838465
2021-11-02,8475,"Tuesday","Weekday",142,1.70406816272651
2021-11-03,6856,"Wednesday","Weekday",-1619,-19.1032448377581
2021-11-04,17455,"Thursday","Weekday",10599,154.594515752625
2021-11-05,7925,"Friday","Weekday",-9530,-54.5975365224864
2021-11-06,4249,"Saturday","Weekend",-3676,-46.384858044164
2021-11-07,2567,"Sunday","Weekend",-1682,-39.5857848905625
2021-11-08,6457,"Monday","Weekday",3890,151.538761199844
2021-11-09,7864,"Tuesday","Weekday",1407,21.7903050952455
2021-11-10,2360,"Wednesday","Weekday",-5504,-69.9898270600203
2021-11-11,7524,"Thursday","Weekday",5164,218.813559322034
2021-11-12,8207,"Friday","Weekday",683,9.0776182881446
2021-11-13,3336,"Saturday","Weekend",-4871,-59.3517728768125
2021-11-14,3685,"Sunday","Weekend",349,10.4616306954436
2021-11-15,4289,"Monday","Weekday",604,16.3907734056988
2021-11-16,3184,"Tuesday","Weekday",-1105,-25.7635812543716
2021-11-17,4085,"Wednesday","Weekday",901,28.2977386934673
2021-11-18,4482,"Thursday","Weekday",397,9.71848225214198
2021-11-19,5070,"Friday","Weekday",588,13.1191432396252
2021-11-20,5693,"Saturday","Weekend",623,12.2879684418146
2021-11-21,6025,"Sunday","Weekend",332,5.83172316880379
2021-11-22,8799,"Monday","Weekday",2774,46.0414937759336
2021-11-23,7094,"Tuesday","Weekday",-1705,-19.3772019547676
2021-11-24,5739,"Wednesday","Weekday",-1355,-19.1006484352974
2021-11-25,5757,"Thursday","Weekday",18,0.313643491897543
2021-11-26,7336,"Friday","Weekday",1579,27.4274795900643
2021-11-27,4489,"Saturday","Weekend",-2847,-38.8086150490731
2021-11-28,95,"Sunday","Weekend",-4394,-97.8837157496102
2021-11-29,23,"Monday","Weekday",-72,-75.7894736842105
2021-11-30,4008,"Tuesday","Weekday",3985,17326.0869565217
2021-12-01,4201,"Wednesday","Weekday",193,4.81536926147705
2021-12-02,4761,"Thursday","Weekday",560,13.3301594858367
2021-12-03,6074,"Friday","Weekday",1313,27.5782398655745
2021-12-04,3427,"Saturday","Weekend",-2647,-43.5791899901218
2021-12-05,2147,"Sunday","Weekend",-1280,-37.3504522906332
2021-12-06,6779,"Monday","Weekday",4632,215.742897065673
2021-12-07,7362,"Tuesday","Weekday",583,8.60008850862959
2021-12-08,3123,"Wednesday","Weekday",-4239,-57.5794621026895
2021-12-09,6232,"Thursday","Weekday",3109,99.5517130963817
2021-12-10,4482,"Friday","Weekday",-1750,-28.0808729139923
2021-12-11,2358,"Saturday","Weekend",-2124,-47.3895582329317
2021-12-12,3733,"Sunday","Weekend",1375,58.3121289228159
2021-12-14,2478,"Tuesday","Weekday",-1255,-33.6190731315296
2021-12-15,2158,"Wednesday","Weekday",-320,-12.9136400322841
2021-12-16,4539,"Thursday","Weekday",2381,110.333642261353
2021-12-17,2563,"Friday","Weekday",-1976,-43.5338180215907
2021-12-18,2334,"Saturday","Weekend",-229,-8.93484198205228
2021-12-19,4818,"Sunday","Weekend",2484,106.426735218509
2021-12-20,46,"Monday","Weekday",-4772,-99.0452469904525
2021-12-21,7030,"Tuesday","Weekday",6984,15182.6086956522
2021-12-22,2260,"Wednesday","Weekday",-4770,-67.8520625889047
2021-12-23,2977,"Thursday","Weekday",717,31.7256637168142
2021-12-24,2243,"Friday","Weekday",-734,-24.6556936513268
2021-12-25,80,"Saturday","Weekend",-2163,-96.4333481943825
2021-12-26,5086,"Sunday","Weekend",5006,6257.5
2021-12-27,5377,"Monday","Weekday",291,5.72158867479355
2021-12-28,3538,"Tuesday","Weekday",-1839,-34.2012274502511
2021-12-29,2746,"Wednesday","Weekday",-792,-22.3855285472018
2021-12-30,3564,"Thursday","Weekday",818,29.7887836853605
2021-12-31,15951,"Friday","Weekday",12387,347.558922558923
2022-01-01,1854,"Saturday","Weekend",-14097,-88.3769042693248
2022-01-02,471,"Sunday","Weekend",-1383,-74.5954692556634
2022-01-03,2936,"Monday","Weekday",2465,523.354564755839
2022-01-04,3493,"Tuesday","Weekday",557,18.9713896457766
2022-01-05,3274,"Wednesday","Weekday",-219,-6.26968222158603
2022-01-06,2172,"Thursday","Weekday",-1102,-33.6591325595602
2022-01-07,3413,"Friday","Weekday",1241,57.1362799263352
2022-01-08,4198,"Saturday","Weekend",785,23.000292997363
2022-01-10,2214,"Monday","Weekday",-1984,-47.2606002858504
2022-01-11,4371,"Tuesday","Weekday",2157,97.4254742547426
2022-01-12,2456,"Wednesday","Weekday",-1915,-43.8114847860901
2022-01-13,3741,"Thursday","Weekday",1285,52.3208469055375
2022-01-14,6264,"Friday","Weekday",2523,67.4418604651163
2022-01-15,4396,"Saturday","Weekend",-1868,-29.8212005108557
2022-01-16,4795,"Sunday","Weekend",399,9.07643312101911
2022-01-17,3173,"Monday","Weekday",-1622,-33.8269030239833
2022-01-18,7672,"Tuesday","Weekday",4499,141.790104002521
2022-01-19,5208,"Wednesday","Weekday",-2464,-32.1167883211679
2022-01-20,5539,"Thursday","Weekday",331,6.35560675883257
2022-01-21,10337,"Friday","Weekday",4798,86.6221339591984
2022-01-22,3948,"Saturday","Weekend",-6389,-61.807100706201
2022-01-23,43,"Sunday","Weekend",-3905,-98.9108409321175
2022-01-24,3795,"Monday","Weekday",3752,8725.58139534884
2022-01-25,6007,"Tuesday","Weekday",2212,58.2872200263505
2022-01-26,5121,"Wednesday","Weekday",-886,-14.7494589645414
2022-01-27,6374,"Thursday","Weekday",1253,24.4678773677016
2022-01-28,4629,"Friday","Weekday",-1745,-27.3768434264198
2022-01-29,4791,"Saturday","Weekend",162,3.49967595593001
2022-01-30,6246,"Sunday","Weekend",1455,30.369442705072
2022-01-31,3981,"Monday","Weekday",-2265,-36.2632084534102
2022-02-01,5771,"Tuesday","Weekday",1790,44.9635769907059
2022-02-02,2433,"Wednesday","Weekday",-3338,-57.8409287818402
2022-02-03,2318,"Thursday","Weekday",-115,-4.72667488697082
2022-02-04,6515,"Friday","Weekday",4197,181.061259706644
2022-02-05,4613,"Saturday","Weekend",-1902,-29.1941673062164
2022-02-06,110,"Sunday","Weekend",-4503,-97.6154346412313
2022-02-07,4032,"Monday","Weekday",3922,3565.45454545455
2022-02-08,6388,"Tuesday","Weekday",2356,58.4325396825397
2022-02-09,11398,"Wednesday","Weekday",5010,78.428303068253
2022-02-10,9016,"Thursday","Weekday",-2382,-20.8984032286366
2022-02-11,8694,"Friday","Weekday",-322,-3.57142857142857
2022-02-12,3107,"Saturday","Weekend",-5587,-64.2627099148838
2022-02-13,12910,"Sunday","Weekend",9803,315.513356935951
2022-02-14,6358,"Monday","Weekday",-6552,-50.7513555383424
2022-02-15,14691,"Tuesday","Weekday",8333,131.063227430009
2022-02-16,6516,"Wednesday","Weekday",-8175,-55.6463140698387
2022-02-17,3364,"Thursday","Weekday",-3152,-48.3732351135666
2022-02-18,6058,"Friday","Weekday",2694,80.0832342449465
2022-02-19,3291,"Saturday","Weekend",-2767,-45.6751403103334
2022-02-20,5607,"Sunday","Weekend",2316,70.3737465815861
2022-02-21,3023,"Monday","Weekday",-2584,-46.0852505796326
2022-02-22,3074,"Tuesday","Weekday",51,1.68706582864704
2022-02-23,2734,"Wednesday","Weekday",-340,-11.060507482108
2022-02-24,6658,"Thursday","Weekday",3924,143.525969275786
2022-02-25,7187,"Friday","Weekday",529,7.94532892760589
2022-02-26,4894,"Saturday","Weekend",-2293,-31.9048281619591
2022-02-27,2920,"Sunday","Weekend",-1974,-40.3351042092358
2022-02-28,4095,"Monday","Weekday",1175,40.2397260273973
2022-03-01,3142,"Tuesday","Weekday",-953,-23.2722832722833
2022-03-02,6390,"Wednesday","Weekday",3248,103.37364735837
2022-03-03,2023,"Thursday","Weekday",-4367,-68.3411580594679
2022-03-04,3997,"Friday","Weekday",1974,97.5778546712803
2022-03-05,4193,"Saturday","Weekend",196,4.90367775831874
2022-03-06,2229,"Sunday","Weekend",-1964,-46.8399713808729
2022-03-07,4707,"Monday","Weekday",2478,111.170928667564
2022-03-08,6924,"Tuesday","Weekday",2217,47.100063734863
2022-03-09,3939,"Wednesday","Weekday",-2985,-43.1109185441941
2022-03-10,3780,"Thursday","Weekday",-159,-4.03655750190404
2022-03-11,9149,"Friday","Weekday",5369,142.037037037037
2022-03-12,8855,"Saturday","Weekend",-294,-3.21346595256312
2022-03-13,143,"Sunday","Weekend",-8712,-98.3850931677019
2022-03-14,5723,"Monday","Weekday",5580,3902.0979020979
2022-03-15,3148,"Tuesday","Weekday",-2575,-44.9938843264022
2022-03-16,10169,"Wednesday","Weekday",7021,223.030495552732
2022-03-17,6427,"Thursday","Weekday",-3742,-36.7981119087423
2022-03-18,7247,"Friday","Weekday",820,12.7586743426171
2022-03-19,5535,"Saturday","Weekend",-1712,-23.6235683731199
2022-03-20,182,"Sunday","Weekend",-5353,-96.7118337850045
2022-03-21,4032,"Monday","Weekday",3850,2115.38461538462
2022-03-22,6183,"Tuesday","Weekday",2151,53.3482142857143
2022-03-23,9076,"Wednesday","Weekday",2893,46.7895843441695
2022-03-24,6067,"Thursday","Weekday",-3009,-33.1533715293081
2022-03-25,6018,"Friday","Weekday",-49,-0.807647931432339
2022-03-26,5312,"Saturday","Weekend",-706,-11.7314722499169
2022-03-27,135,"Sunday","Weekend",-5177,-97.4585843373494
2022-03-28,6520,"Monday","Weekday",6385,4729.62962962963
2022-03-29,5719,"Tuesday","Weekday",-801,-12.2852760736196
2022-03-30,5514,"Wednesday","Weekday",-205,-3.58454275222941
2022-03-31,11056,"Thursday","Weekday",5542,100.50779833152
2022-04-01,4521,"Friday","Weekday",-6535,-59.1081765557164
2022-04-02,3932,"Saturday","Weekend",-589,-13.0280911302809
2022-04-03,132,"Sunday","Weekend",-3800,-96.6429298067141
2022-04-04,5203,"Monday","Weekday",5071,3841.66666666667
2022-04-05,4989,"Tuesday","Weekday",-214,-4.11301172400538
2022-04-06,5543,"Wednesday","Weekday",554,11.10442974544
2022-04-07,2740,"Thursday","Weekday",-2803,-50.568284322569
2022-04-08,5580,"Friday","Weekday",2840,103.649635036496
2022-04-09,2455,"Saturday","Weekend",-3125,-56.0035842293907
2022-04-10,4752,"Sunday","Weekend",2297,93.5641547861507
2022-04-11,11928,"Monday","Weekday",7176,151.010101010101
2022-04-12,3842,"Tuesday","Weekday",-8086,-67.7900737759893
2022-04-13,4853,"Wednesday","Weekday",1011,26.314419573139
2022-04-14,3682,"Thursday","Weekday",-1171,-24.1294044920668
2022-04-15,5440,"Friday","Weekday",1758,47.7457903313417
2022-04-16,1813,"Saturday","Weekend",-3627,-66.6727941176471
2022-04-17,1621,"Sunday","Weekend",-192,-10.5901820187534
2022-04-18,1419,"Monday","Weekday",-202,-12.4614435533621
2022-04-19,22,"Tuesday","Weekday",-1397,-98.4496124031008
2022-04-20,4361,"Wednesday","Weekday",4339,19722.7272727273
2022-04-21,105,"Thursday","Weekday",-4256,-97.5922953451043
2022-04-22,7333,"Friday","Weekday",7228,6883.80952380952
2022-04-23,2189,"Saturday","Weekend",-5144,-70.1486431201418
2022-04-24,1985,"Sunday","Weekend",-204,-9.31932389218821
2022-04-25,5221,"Monday","Weekday",3236,163.022670025189
2022-04-26,6123,"Tuesday","Weekday",902,17.2763838345145
2022-04-27,5256,"Wednesday","Weekday",-867,-14.1597256246938
2022-04-28,4515,"Thursday","Weekday",-741,-14.0981735159817
2022-04-29,13,"Friday","Weekday",-4502,-99.7120708748616
2022-04-30,5527,"Saturday","Weekend",5514,42415.3846153846
2022-05-01,1711,"Sunday","Weekend",-3816,-69.0428804052832
2022-05-02,11,"Monday","Weekday",-1700,-99.3571011104617
2022-05-03,2640,"Tuesday","Weekday",2629,23900
2022-05-04,3806,"Wednesday","Weekday",1166,44.1666666666667
2022-05-05,5672,"Thursday","Weekday",1866,49.0278507619548
2022-05-06,1593,"Friday","Weekday",-4079,-71.9146685472496
2022-05-07,5329,"Saturday","Weekend",3736,234.526051475204
2022-05-08,48,"Sunday","Weekend",-5281,-99.0992681553762
2022-05-09,2368,"Monday","Weekday",2320,4833.33333333333
2022-05-10,2680,"Tuesday","Weekday",312,13.1756756756757
2022-05-11,3830,"Wednesday","Weekday",1150,42.910447761194
2022-05-12,2971,"Thursday","Weekday",-859,-22.4281984334204
2022-05-13,13216,"Friday","Weekday",10245,344.833389431168
2022-05-14,4255,"Saturday","Weekend",-8961,-67.8041767554479
2022-05-15,1707,"Sunday","Weekend",-2548,-59.882491186839
2022-05-16,6050,"Monday","Weekday",4343,254.422964264792
2022-05-17,11505,"Tuesday","Weekday",5455,90.1652892561983
2022-05-18,5536,"Wednesday","Weekday",-5969,-51.8817905258583
2022-05-19,6246,"Thursday","Weekday",710,12.8251445086705
2022-05-20,3321,"Friday","Weekday",-2925,-46.8299711815562
2022-05-21,3723,"Saturday","Weekend",402,12.1047877145438
2022-05-22,1980,"Sunday","Weekend",-1743,-46.8170829975826
2022-05-23,10973,"Monday","Weekday",8993,454.191919191919
2022-05-24,25281,"Tuesday","Weekday",14308,130.392782283787
2022-05-25,34526,"Wednesday","Weekday",9245,36.5689648352518
2022-05-26,28860,"Thursday","Weekday",-5666,-16.4108208306783
2022-05-27,21400,"Friday","Weekday",-7460,-25.8489258489258
2022-05-28,13979,"Saturday","Weekend",-7421,-34.6775700934579
2022-05-29,3320,"Sunday","Weekend",-10659,-76.250089419844
2022-05-30,3800,"Monday","Weekday",480,14.4578313253012
2022-05-31,22858,"Tuesday","Weekday",19058,501.526315789474
2022-06-01,27810,"Wednesday","Weekday",4952,21.6641875929653
2022-06-02,27521,"Thursday","Weekday",-289,-1.03919453434017
2022-06-03,10580,"Friday","Weekday",-16941,-61.5566294829403
2022-06-04,10060,"Saturday","Weekend",-520,-4.91493383742911
2022-06-05,6278,"Sunday","Weekend",-3782,-37.5944333996024
2022-06-06,3859,"Monday","Weekday",-2419,-38.5313794201975
2022-06-07,6642,"Tuesday","Weekday",2783,72.1171287898419
2022-06-08,7532,"Wednesday","Weekday",890,13.3995784402288
2022-06-09,8559,"Thursday","Weekday",1027,13.6351566648964
2022-06-10,10054,"Friday","Weekday",1495,17.4669938076878
2022-06-11,2570,"Saturday","Weekend",-7484,-74.4380346130893
2022-06-12,2011,"Sunday","Weekend",-559,-21.7509727626459
2022-06-13,12440,"Monday","Weekday",10429,518.597712580806
2022-06-14,3383,"Tuesday","Weekday",-9057,-72.8054662379421
2022-06-15,4321,"Wednesday","Weekday",938,27.7268696423293
2022-06-16,7885,"Thursday","Weekday",3564,82.480907197408
2022-06-17,3929,"Friday","Weekday",-3956,-50.1712111604312
2022-06-18,2713,"Saturday","Weekend",-1216,-30.9493509798931
2022-06-19,5518,"Sunday","Weekend",2805,103.391079985256
2022-06-20,4244,"Monday","Weekday",-1274,-23.0880753896339
2022-06-21,6275,"Tuesday","Weekday",2031,47.8557964184731
2022-06-22,2445,"Wednesday","Weekday",-3830,-61.0358565737052
2022-06-23,10411,"Thursday","Weekday",7966,325.807770961145
2022-06-24,5104,"Friday","Weekday",-5307,-50.974930362117
2022-06-25,3391,"Saturday","Weekend",-1713,-33.5619122257053
2022-06-26,2041,"Sunday","Weekend",-1350,-39.8112651135358
2022-06-27,5483,"Monday","Weekday",3442,168.642822146007
2022-06-28,6694,"Tuesday","Weekday",1211,22.0864490242568
2022-06-29,2392,"Wednesday","Weekday",-4302,-64.2665073199881
2022-06-30,1051,"Thursday","Weekday",-1341,-56.061872909699
2022-07-01,6489,"Friday","Weekday",5438,517.411988582303
2022-07-02,13807,"Saturday","Weekend",7318,112.775466173524
2022-07-03,2054,"Sunday","Weekend",-11753,-85.1234880857536
2022-07-04,17983,"Monday","Weekday",15929,775.511197663096
2022-07-05,10449,"Tuesday","Weekday",-7534,-41.8951231718846
2022-07-06,10981,"Wednesday","Weekday",532,5.09139630586659
2022-07-07,10613,"Thursday","Weekday",-368,-3.35124305618796
2022-07-08,928,"Friday","Weekday",-9685,-91.2560067841327
2022-07-09,5272,"Saturday","Weekend",4344,468.103448275862
2022-07-10,6455,"Sunday","Weekend",1183,22.4393019726859
2022-07-11,5133,"Monday","Weekday",-1322,-20.4802478698683
2022-07-12,3802,"Tuesday","Weekday",-1331,-25.9302552113774
2022-07-13,2925,"Wednesday","Weekday",-877,-23.0668069437138
2022-07-14,10036,"Thursday","Weekday",7111,243.111111111111
2022-07-15,1397,"Friday","Weekday",-8639,-86.0801115982463
2022-07-16,4814,"Saturday","Weekend",3417,244.595561918397
2022-07-17,5487,"Sunday","Weekend",673,13.9800581636892
2022-07-18,2917,"Monday","Weekday",-2570,-46.8379806816111
2022-07-19,6947,"Tuesday","Weekday",4030,138.155639355502
2022-07-20,1142,"Wednesday","Weekday",-5805,-83.5612494601987
2022-07-21,5714,"Thursday","Weekday",4572,400.350262697023
2022-07-22,1788,"Friday","Weekday",-3926,-68.7084354217711
2022-07-23,2982,"Saturday","Weekend",1194,66.7785234899329
2022-07-24,2618,"Sunday","Weekend",-364,-12.2065727699531
2022-07-25,6705,"Monday","Weekday",4087,156.1115355233
2022-07-26,4071,"Tuesday","Weekday",-2634,-39.2841163310962
2022-07-27,2501,"Wednesday","Weekday",-1570,-38.5654630311963
2022-07-28,3913,"Thursday","Weekday",1412,56.4574170331867
2022-07-29,1671,"Friday","Weekday",-2242,-57.2961921799131
2022-07-30,2391,"Saturday","Weekend",720,43.0879712746858
2022-07-31,5445,"Sunday","Weekend",3054,127.728983688833
2022-08-01,2560,"Monday","Weekday",-2885,-52.9843893480257
2022-08-02,3840,"Tuesday","Weekday",1280,50
2022-08-03,5041,"Wednesday","Weekday",1201,31.2760416666667
2022-08-04,4172,"Thursday","Weekday",-869,-17.2386431263638
2022-08-05,4916,"Friday","Weekday",744,17.8331735378715
2022-08-06,2999,"Saturday","Weekend",-1917,-38.9951179820993
2022-08-07,4884,"Sunday","Weekend",1885,62.8542847615872
2022-08-08,5167,"Monday","Weekday",283,5.79443079443079
2022-08-09,1031,"Tuesday","Weekday",-4136,-80.0464486162183
2022-08-10,5272,"Wednesday","Weekday",4241,411.348205625606
2022-08-11,5410,"Thursday","Weekday",138,2.61760242792109
2022-08-12,5355,"Friday","Weekday",-55,-1.01663585951941
2022-08-13,7365,"Saturday","Weekend",2010,37.5350140056022
2022-08-14,3677,"Sunday","Weekend",-3688,-50.0746775288527
2022-08-15,6362,"Monday","Weekday",2685,73.0214849061735
2022-08-16,7501,"Tuesday","Weekday",1139,17.9031751021691
2022-08-17,3436,"Wednesday","Weekday",-4065,-54.1927742967604
2022-08-18,3002,"Thursday","Weekday",-434,-12.6309662398137
2022-08-19,1843,"Friday","Weekday",-1159,-38.6075949367089
2022-08-20,1798,"Saturday","Weekend",-45,-2.44167118827998
2022-08-21,4803,"Sunday","Weekend",3005,167.130144605117
2022-08-22,957,"Monday","Weekday",-3846,-80.0749531542786
2022-08-23,1513,"Tuesday","Weekday",556,58.098223615465
2022-08-24,1236,"Wednesday","Weekday",-277,-18.3079973562459
2022-08-25,3451,"Thursday","Weekday",2215,179.2071197411
2022-08-26,18554,"Friday","Weekday",15103,437.641263401913
2022-08-27,1969,"Saturday","Weekend",-16585,-89.3877331033739
2022-08-28,2042,"Sunday","Weekend",73,3.7074657186389
2022-08-29,6077,"Monday","Weekday",4035,197.600391772772
2022-08-30,1800,"Tuesday","Weekday",-4277,-70.3801217706105
2022-08-31,2679,"Wednesday","Weekday",879,48.8333333333333
2022-09-01,12230,"Thursday","Weekday",9551,356.513624486749
2022-09-02,11625,"Friday","Weekday",-605,-4.94685200327065
2022-09-03,29242,"Saturday","Weekend",17617,151.544086021505
2022-09-04,14049,"Sunday","Weekend",-15193,-51.9560905546816
2022-09-05,5016,"Monday","Weekday",-9033,-64.2963912022208
2022-09-06,9181,"Tuesday","Weekday",4165,83.0342902711324
2022-09-07,7679,"Wednesday","Weekday",-1502,-16.3598736521076
2022-09-08,2664,"Thursday","Weekday",-5015,-65.3079828102617
2022-09-09,12119,"Friday","Weekday",9455,354.917417417417
2022-09-10,9547,"Saturday","Weekend",-2572,-21.2228731743543
2022-09-11,9037,"Sunday","Weekend",-510,-5.34199224887399
2022-09-12,4331,"Monday","Weekday",-4706,-52.0748035852606
2022-09-13,7012,"Tuesday","Weekday",2681,61.9025629184946
2022-09-14,7135,"Wednesday","Weekday",123,1.75413576725613
2022-09-15,1512,"Thursday","Weekday",-5623,-78.8086895585144
2022-09-16,5419,"Friday","Weekday",3907,258.399470899471
2022-09-17,1980,"Saturday","Weekend",-3439,-63.4618933382543
2022-09-18,229,"Sunday","Weekend",-1751,-88.4343434343434
2022-09-19,2624,"Monday","Weekday",2395,1045.85152838428
2022-09-20,7622,"Tuesday","Weekday",4998,190.47256097561
2022-09-21,4047,"Wednesday","Weekday",-3575,-46.9036998163212
2022-09-22,8123,"Thursday","Weekday",4076,100.716580182852
2022-09-23,10454,"Friday","Weekday",2331,28.6962944724855
2022-09-24,7013,"Saturday","Weekend",-3441,-32.9156303807155
2022-09-25,1806,"Sunday","Weekend",-5207,-74.2478254669899
2022-09-26,5053,"Monday","Weekday",3247,179.789590254707
2022-09-27,7688,"Tuesday","Weekday",2635,52.1472392638037
2022-09-28,5435,"Wednesday","Weekday",-2253,-29.3054110301769
2022-09-29,7669,"Thursday","Weekday",2234,41.1039558417663
2022-09-30,5152,"Friday","Weekday",-2517,-32.8204459512322
2022-10-01,3102,"Saturday","Weekend",-2050,-39.7903726708075
2022-10-02,4855,"Sunday","Weekend",1753,56.5119277885235
2022-10-03,3909,"Monday","Weekday",-946,-19.4850669412976
2022-10-04,11255,"Tuesday","Weekday",7346,187.925300588386
2022-10-05,5288,"Wednesday","Weekday",-5967,-53.0164371390493
2022-10-06,7410,"Thursday","Weekday",2122,40.1285930408472
2022-10-07,9093,"Friday","Weekday",1683,22.7125506072875
2022-10-08,9103,"Saturday","Weekend",10,0.109974705817662
2022-10-09,4247,"Sunday","Weekend",-4856,-53.3450510820609
2022-10-10,2647,"Monday","Weekday",-1600,-37.6736519896397
2022-10-11,7737,"Tuesday","Weekday",5090,192.293162070268
2022-10-12,4821,"Wednesday","Weekday",-2916,-37.689026754556
2022-10-13,6917,"Thursday","Weekday",2096,43.476457166563
2022-10-14,9294,"Friday","Weekday",2377,34.3646089345092
2022-10-15,3761,"Saturday","Weekend",-5533,-59.533032063697
2022-10-16,1398,"Sunday","Weekend",-2363,-62.8290348311619
2022-10-17,3579,"Monday","Weekday",2181,156.008583690987
2022-10-18,8977,"Tuesday","Weekday",5398,150.824252584521
2022-10-19,6151,"Wednesday","Weekday",-2826,-31.4804500389885
2022-10-20,1502,"Thursday","Weekday",-4649,-75.5812063079174
2022-10-21,7883,"Friday","Weekday",6381,424.833555259654
2022-10-22,3451,"Saturday","Weekend",-4432,-56.2222504122796
2022-10-23,4451,"Sunday","Weekend",1000,28.9771080846132
2022-10-24,4242,"Monday","Weekday",-209,-4.69557402830825
2022-10-25,7673,"Tuesday","Weekday",3431,80.8816595945309
2022-10-26,3763,"Wednesday","Weekday",-3910,-50.9579043398931
2022-10-27,3459,"Thursday","Weekday",-304,-8.07866064310391
2022-10-28,7618,"Friday","Weekday",4159,120.237062734894
2022-10-29,9619,"Saturday","Weekend",2001,26.266736676293
2022-10-30,1724,"Sunday","Weekend",-7895,-82.0771389957376
2022-10-31,4521,"Monday","Weekday",2797,162.238979118329
2022-11-01,5706,"Tuesday","Weekday",1185,26.2110152621102
2022-11-02,6649,"Wednesday","Weekday",943,16.5264633718892
2022-11-03,15999,"Thursday","Weekday",9350,140.62265002256
2022-11-04,5341,"Friday","Weekday",-10658,-66.6166635414713
2022-11-05,9976,"Saturday","Weekend",4635,86.7815015914623
2022-11-06,7781,"Sunday","Weekend",-2195,-22.0028067361668
2022-11-07,14296,"Monday","Weekday",6515,83.7295977380799
2022-11-08,9168,"Tuesday","Weekday",-5128,-35.8701734750979
2022-11-09,5330,"Wednesday","Weekday",-3838,-41.8630017452007
2022-11-10,4816,"Thursday","Weekday",-514,-9.64352720450281
2022-11-11,18602,"Friday","Weekday",13786,286.25415282392
2022-11-12,5802,"Saturday","Weekend",-12800,-68.8098053972691
2022-11-13,13513,"Sunday","Weekend",7711,132.90244743192
2022-11-14,12736,"Monday","Weekday",-777,-5.75001850070303
2022-11-15,5311,"Tuesday","Weekday",-7425,-58.2993090452261
2022-11-16,4897,"Wednesday","Weekday",-414,-7.79514215778573
2022-11-17,6677,"Thursday","Weekday",1780,36.34878497039
2022-11-18,10162,"Friday","Weekday",3485,52.1940991463232
2022-11-19,9258,"Saturday","Weekend",-904,-8.89588663648888
2022-11-20,1891,"Sunday","Weekend",-7367,-79.5744221214085
2022-11-21,1626,"Monday","Weekday",-265,-14.0137493389741
2022-11-22,13053,"Tuesday","Weekday",11427,702.767527675277
2022-11-23,11944,"Wednesday","Weekday",-1109,-8.49613115758829
2022-11-24,5554,"Thursday","Weekday",-6390,-53.4996651038178
2022-11-25,11751,"Friday","Weekday",6197,111.577241627656
2022-11-26,7968,"Saturday","Weekend",-3783,-32.193004850651
2022-11-27,1577,"Sunday","Weekend",-6391,-80.2083333333333
2022-11-28,13346,"Monday","Weekday",11769,746.290424857324
2022-11-29,11575,"Tuesday","Weekday",-1771,-13.269893601079
2022-11-30,9377,"Wednesday","Weekday",-2198,-18.9892008639309
2022-12-01,4331,"Thursday","Weekday",-5046,-53.8125199957342
2022-12-02,9983,"Friday","Weekday",5652,130.501039021011
2022-12-03,18798,"Saturday","Weekend",8815,88.3001101873184
2022-12-04,134,"Sunday","Weekend",-18664,-99.28715820832
2022-12-05,1892,"Monday","Weekday",1758,1311.94029850746
2022-12-06,1577,"Tuesday","Weekday",-315,-16.6490486257928
2022-12-07,9535,"Wednesday","Weekday",7958,504.629042485732
2022-12-08,4271,"Thursday","Weekday",-5264,-55.2071316203461
2022-12-09,8757,"Friday","Weekday",4486,105.033949894638
2022-12-10,7973,"Saturday","Weekend",-784,-8.95283772981615
2022-12-11,2721,"Sunday","Weekend",-5252,-65.8723190768845
2022-12-12,5947,"Monday","Weekday",3226,118.559353178978
2022-12-13,9298,"Tuesday","Weekday",3351,56.3477383554733
2022-12-14,7963,"Wednesday","Weekday",-1335,-14.3579264357926
2022-12-15,4035,"Thursday","Weekday",-3928,-49.3281426598016
2022-12-16,15758,"Friday","Weekday",11723,290.532837670384
2022-12-17,10244,"Saturday","Weekend",-5514,-34.9917502221094
2022-12-18,708,"Sunday","Weekend",-9536,-93.0886372510738
2022-12-19,4453,"Monday","Weekday",3745,528.954802259887
2022-12-20,8058,"Tuesday","Weekday",3605,80.9566584325174
2022-12-21,15056,"Wednesday","Weekday",6998,86.8453710598163
2022-12-22,3838,"Thursday","Weekday",-11218,-74.5085015940489
2022-12-23,18472,"Friday","Weekday",14634,381.292339760292
2022-12-24,10085,"Saturday","Weekend",-8387,-45.4038544824599
2022-12-25,10450,"Sunday","Weekend",365,3.61923648983639
2022-12-26,8363,"Monday","Weekday",-2087,-19.9712918660287
2022-12-27,15677,"Tuesday","Weekday",7314,87.4566543106541
2022-12-28,10798,"Wednesday","Weekday",-4879,-31.1220258978121
2022-12-29,22775,"Thursday","Weekday",11977,110.918688646046
2022-12-30,7043,"Friday","Weekday",-15732,-69.0757409440176
2022-12-31,4941,"Saturday","Weekend",-2102,-29.8452364049411
2023-01-01,9901,"Sunday","Weekend",4960,100.384537543007
2023-01-02,2285,"Monday","Weekday",-7616,-76.9215230784769
2023-01-03,6851,"Tuesday","Weekday",4566,199.824945295405
2023-01-04,12733,"Wednesday","Weekday",5882,85.8560794044665
2023-01-05,4978,"Thursday","Weekday",-7755,-60.9047357260661
2023-01-06,7924,"Friday","Weekday",2946,59.1803937324227
2023-01-07,19711,"Saturday","Weekend",11787,148.750630994447
2023-01-08,20316,"Sunday","Weekend",605,3.06935213839988
2023-01-09,21208,"Monday","Weekday",892,4.39062807639299
2023-01-10,6392,"Tuesday","Weekday",-14816,-69.8604300264051
2023-01-11,5961,"Wednesday","Weekday",-431,-6.74280350438048
2023-01-12,6134,"Thursday","Weekday",173,2.90219761784935
2023-01-13,4324,"Friday","Weekday",-1810,-29.5076622106293
2023-01-14,7207,"Saturday","Weekend",2883,66.6743755781684
2023-01-15,3852,"Sunday","Weekend",-3355,-46.5519633689469
2023-01-16,12519,"Monday","Weekday",8667,225
2023-01-17,7016,"Tuesday","Weekday",-5503,-43.9571850786804
2023-01-18,5345,"Wednesday","Weekday",-1671,-23.8169897377423
2023-01-19,13272,"Thursday","Weekday",7927,148.306828811974
2023-01-20,1810,"Friday","Weekday",-11462,-86.3622664255576
2023-01-21,7192,"Saturday","Weekend",5382,297.348066298343
2023-01-22,1645,"Sunday","Weekend",-5547,-77.1273637374861
2023-01-23,10198,"Monday","Weekday",8553,519.939209726444
2023-01-24,4933,"Tuesday","Weekday",-5265,-51.62777015101
2023-01-25,3409,"Wednesday","Weekday",-1524,-30.8939793229272
2023-01-26,6253,"Thursday","Weekday",2844,83.4262246993253
2023-01-27,10402,"Friday","Weekday",4149,66.3521509675356
2023-01-28,14437,"Saturday","Weekend",4035,38.7906171890021
2023-01-29,101,"Sunday","Weekend",-14336,-99.3004086721618
2023-01-30,5369,"Monday","Weekday",5268,5215.84158415842
2023-01-31,6313,"Tuesday","Weekday",944,17.5824175824176
2023-02-01,13725,"Wednesday","Weekday",7412,117.40852209726
2023-02-02,10073,"Thursday","Weekday",-3652,-26.608378870674
2023-02-03,1456,"Friday","Weekday",-8617,-85.5455177206393
2023-02-04,9274,"Saturday","Weekend",7818,536.950549450549
2023-02-05,2103,"Sunday","Weekend",-7171,-77.3237006685357
2023-02-06,7865,"Monday","Weekday",5762,273.989538754161
2023-02-07,4897,"Tuesday","Weekday",-2968,-37.7368086458996
2023-02-08,4090,"Wednesday","Weekday",-807,-16.4794772309577
2023-02-09,23091,"Thursday","Weekday",19001,464.572127139364
2023-02-10,7345,"Friday","Weekday",-15746,-68.1910701138972
2023-02-11,4740,"Saturday","Weekend",-2605,-35.4663036078965
2023-02-12,11260,"Sunday","Weekend",6520,137.552742616034
2023-02-13,10696,"Monday","Weekday",-564,-5.0088809946714
2023-02-14,4553,"Tuesday","Weekday",-6143,-57.4326851159312
2023-02-15,7859,"Wednesday","Weekday",3306,72.6114649681529
2023-02-16,9450,"Thursday","Weekday",1591,20.2443058913348
2023-02-17,8288,"Friday","Weekday",-1162,-12.2962962962963
2023-02-18,14360,"Saturday","Weekend",6072,73.2625482625483
2023-02-19,8948,"Sunday","Weekend",-5412,-37.6880222841226
2023-02-20,3773,"Monday","Weekday",-5175,-57.8341528833259
2023-02-21,7942,"Tuesday","Weekday",4169,110.495626822157
2023-02-22,5665,"Wednesday","Weekday",-2277,-28.6703601108033
2023-02-23,7967,"Thursday","Weekday",2302,40.6354810238305
2023-02-24,3884,"Friday","Weekday",-4083,-51.2489017195933
2023-02-25,11601,"Saturday","Weekend",7717,198.686920700309
2023-02-26,8545,"Sunday","Weekend",-3056,-26.3425566761486
2023-02-27,3954,"Monday","Weekday",-4591,-53.7273259215916
2023-02-28,12682,"Tuesday","Weekday",8728,220.738492665655
2023-03-01,15416,"Wednesday","Weekday",2734,21.5581138621669
2023-03-02,16235,"Thursday","Weekday",819,5.31266216917488
2023-03-03,12002,"Friday","Weekday",-4233,-26.0732984293194
2023-03-04,12099,"Saturday","Weekend",97,0.808198633561073
2023-03-05,3862,"Sunday","Weekend",-8237,-68.0800066121167
2023-03-06,5079,"Monday","Weekday",1217,31.5121698601761
2023-03-07,6274,"Tuesday","Weekday",1195,23.528253593227
2023-03-08,6518,"Wednesday","Weekday",244,3.88906598661141
2023-03-09,14251,"Thursday","Weekday",7733,118.640687327401
2023-03-10,4875,"Friday","Weekday",-9376,-65.7918742544383
2023-03-11,6651,"Saturday","Weekend",1776,36.4307692307692
2023-03-12,2863,"Sunday","Weekend",-3788,-56.9538415275898
2023-03-13,2864,"Monday","Weekday",1,0.0349283967865875
2023-03-14,5952,"Tuesday","Weekday",3088,107.821229050279
2023-03-15,11761,"Wednesday","Weekday",5809,97.5974462365591
2023-03-16,9790,"Thursday","Weekday",-1971,-16.7587790153898
2023-03-17,14810,"Friday","Weekday",5020,51.2768130745659
2023-03-18,9541,"Saturday","Weekend",-5269,-35.5773126266036
2023-03-19,3999,"Sunday","Weekend",-5542,-58.0861544911435
2023-03-20,9989,"Monday","Weekday",5990,149.787446861715
2023-03-21,6179,"Tuesday","Weekday",-3810,-38.1419561517669
2023-03-22,9918,"Wednesday","Weekday",3739,60.511409613206
2023-03-23,4905,"Thursday","Weekday",-5013,-50.5444646098004
2023-03-24,4210,"Friday","Weekday",-695,-14.1692150866463
2023-03-25,4145,"Saturday","Weekend",-65,-1.54394299287411
2023-03-26,1519,"Sunday","Weekend",-2626,-63.3534378769602
2023-03-27,3852,"Monday","Weekday",2333,153.58788676761
2023-03-28,4378,"Tuesday","Weekday",526,13.6552440290758
2023-03-29,2666,"Wednesday","Weekday",-1712,-39.1046139789858
2023-03-30,14381,"Thursday","Weekday",11715,439.422355588897
2023-03-31,13306,"Friday","Weekday",-1075,-7.47514081079202
2023-04-01,17133,"Saturday","Weekend",3827,28.7614609950398
2023-04-02,12756,"Sunday","Weekend",-4377,-25.5471896340396
2023-04-03,7240,"Monday","Weekday",-5516,-43.2423957353402
2023-04-04,17781,"Tuesday","Weekday",10541,145.593922651934
2023-04-05,11257,"Wednesday","Weekday",-6524,-36.6908497834767
2023-04-06,3786,"Thursday","Weekday",-7471,-66.3675934973794
2023-04-07,15664,"Friday","Weekday",11878,313.734812466984
2023-04-08,6334,"Saturday","Weekend",-9330,-59.5633299284985
2023-04-09,6271,"Sunday","Weekend",-63,-0.994632143984844
2023-04-10,4191,"Monday","Weekday",-2080,-33.1685536597034
2023-04-11,9184,"Tuesday","Weekday",4993,119.136244333095
2023-04-12,15123,"Wednesday","Weekday",5939,64.6668118466899
2023-04-13,2856,"Thursday","Weekday",-12267,-81.1148581630629
2023-04-14,7203,"Friday","Weekday",4347,152.205882352941
2023-04-15,18550,"Saturday","Weekend",11347,157.531584062196
2023-04-16,14338,"Sunday","Weekend",-4212,-22.7061994609164
2023-04-17,4308,"Monday","Weekday",-10030,-69.9539684753801
2023-04-18,17837,"Tuesday","Weekday",13529,314.043639740019
2023-04-19,9471,"Wednesday","Weekday",-8366,-46.9025060267982
2023-04-20,9152,"Thursday","Weekday",-319,-3.36817653890825
2023-04-21,7457,"Friday","Weekday",-1695,-18.520541958042
2023-04-22,14113,"Saturday","Weekend",6656,89.2584149121631
2023-04-23,6337,"Sunday","Weekend",-7776,-55.0981364699214
2023-04-24,10933,"Monday","Weekday",4596,72.5264320656462
2023-04-25,14602,"Tuesday","Weekday",3669,33.5589499679868
2023-04-26,2166,"Wednesday","Weekday",-12436,-85.1664155595124
2023-04-27,15218,"Thursday","Weekday",13052,602.58541089566
2023-04-28,2068,"Friday","Weekday",-13150,-86.4108292811145
2023-04-29,14302,"Saturday","Weekend",12234,591.586073500967
2023-04-30,8518,"Sunday","Weekend",-5784,-40.4418962382884
2023-05-01,3065,"Monday","Weekday",-5453,-64.0173749706504
2023-05-02,10477,"Tuesday","Weekday",7412,241.827079934747
2023-05-03,6709,"Wednesday","Weekday",-3768,-35.9644936527632
2023-05-04,13403,"Thursday","Weekday",6694,99.7764197346848
2023-05-05,17082,"Friday","Weekday",3679,27.4490785645005
2023-05-06,17780,"Saturday","Weekend",698,4.08617257932326
2023-05-07,1735,"Sunday","Weekend",-16045,-90.2418447694038
2023-05-08,9598,"Monday","Weekday",7863,453.198847262248
2023-05-09,12783,"Tuesday","Weekday",3185,33.1839966659721
2023-05-10,12364,"Wednesday","Weekday",-419,-3.2777908159274
2023-05-11,9761,"Thursday","Weekday",-2603,-21.0530572630217
2023-05-12,10397,"Friday","Weekday",636,6.5157258477615
2023-05-14,3459,"Sunday","Weekend",-6938,-66.730787727229
2023-05-15,1617,"Monday","Weekday",-1842,-53.2523850823938
2023-05-16,3985,"Tuesday","Weekday",2368,146.444032158318
2023-05-17,8048,"Wednesday","Weekday",4063,101.957340025094
2023-05-18,5603,"Thursday","Weekday",-2445,-30.3802186878728
2023-05-19,13723,"Friday","Weekday",8120,144.922363019811
2023-05-20,18421,"Saturday","Weekend",4698,34.2344968301392
2023-05-21,6177,"Sunday","Weekend",-12244,-66.4676184789099
2023-05-22,17834,"Monday","Weekday",11657,188.716205277643
2023-05-23,10727,"Tuesday","Weekday",-7107,-39.8508466973197
2023-05-24,9821,"Wednesday","Weekday",-906,-8.44597744010441
2023-05-25,6339,"Thursday","Weekday",-3482,-35.4546380205682
2023-05-26,7707,"Friday","Weekday",1368,21.5806909607194
2023-05-27,4099,"Saturday","Weekend",-3608,-46.8145841442844
2023-05-28,4743,"Sunday","Weekend",644,15.7111490607465
2023-05-29,1626,"Monday","Weekday",-3117,-65.7179000632511
2023-05-30,15467,"Tuesday","Weekday",13841,851.230012300123
2023-05-31,5201,"Wednesday","Weekday",-10266,-66.3735695351393
2023-06-01,1726,"Thursday","Weekday",-3475,-66.8140742164968
2023-06-02,4897,"Friday","Weekday",3171,183.719582850521
2023-06-03,8560,"Saturday","Weekend",3663,74.8008985092914
2023-06-04,8711,"Sunday","Weekend",151,1.76401869158878
2023-06-05,2449,"Monday","Weekday",-6262,-71.8861209964413
2023-06-06,14477,"Tuesday","Weekday",12028,491.139240506329
2023-06-07,9715,"Wednesday","Weekday",-4762,-32.8935552946052
2023-06-08,5575,"Thursday","Weekday",-4140,-42.614513638703
2023-06-09,10475,"Friday","Weekday",4900,87.8923766816144
2023-06-10,11048,"Saturday","Weekend",573,5.47016706443914
2023-06-11,2098,"Sunday","Weekend",-8950,-81.0101375814627
2023-06-12,5728,"Monday","Weekday",3630,173.02192564347
2023-06-13,7451,"Tuesday","Weekday",1723,30.0803072625698
2023-06-14,5393,"Wednesday","Weekday",-2058,-27.6204536303852
2023-06-15,10499,"Thursday","Weekday",5106,94.6782866679028
2023-06-16,15162,"Friday","Weekday",4663,44.4137536908277
2023-06-17,18073,"Saturday","Weekend",2911,19.1993140746603
2023-06-18,6862,"Sunday","Weekend",-11211,-62.0317600841034
2023-06-19,12542,"Monday","Weekday",5680,82.7747012532789
2023-06-20,10193,"Tuesday","Weekday",-2349,-18.7290703237123
2023-06-21,5734,"Wednesday","Weekday",-4459,-43.7457078387128
2023-06-22,10810,"Thursday","Weekday",5076,88.5245901639344
2023-06-23,9926,"Friday","Weekday",-884,-8.17761332099908
2023-06-24,15874,"Saturday","Weekend",5948,59.9234334072134
2023-06-25,9356,"Sunday","Weekend",-6518,-41.0608542270379
2023-06-26,11055,"Monday","Weekday",1699,18.1594698589141
2023-06-27,11556,"Tuesday","Weekday",501,4.53188602442334
2023-06-28,6183,"Wednesday","Weekday",-5373,-46.4953271028037
2023-06-29,3614,"Thursday","Weekday",-2569,-41.5494096716804
2023-06-30,12497,"Friday","Weekday",8883,245.79413392363
2023-07-01,18229,"Saturday","Weekend",5732,45.8670080819397
2023-07-02,15287,"Sunday","Weekend",-2942,-16.1391189862307
2023-07-03,619,"Monday","Weekday",-14668,-95.9508078759731
2023-07-04,8767,"Tuesday","Weekday",8148,1316.31663974152
2023-07-05,7181,"Wednesday","Weekday",-1586,-18.090566898597
2023-07-06,16,"Thursday","Weekday",-7165,-99.7771898064336
2023-07-07,15987,"Friday","Weekday",15971,99818.75
2023-07-08,2956,"Saturday","Weekend",-13031,-81.5099768561957
2023-07-09,974,"Sunday","Weekend",-1982,-67.0500676589986
2023-07-10,4088,"Monday","Weekday",3114,319.712525667351
2023-07-11,4572,"Tuesday","Weekday",484,11.839530332681
2023-07-12,7418,"Wednesday","Weekday",2846,62.2484689413823
2023-07-13,11696,"Thursday","Weekday",4278,57.6705311404691
2023-07-14,7532,"Friday","Weekday",-4164,-35.6019151846785
2023-07-15,6498,"Saturday","Weekend",-1034,-13.7280934678704
2023-07-16,2109,"Sunday","Weekend",-4389,-67.5438596491228
2023-07-17,7171,"Monday","Weekday",5062,240.018966334756
2023-07-18,229,"Tuesday","Weekday",-6942,-96.8065820666574
2023-07-19,3952,"Wednesday","Weekday",3723,1625.76419213974
2023-07-20,4503,"Thursday","Weekday",551,13.9423076923077
2023-07-21,6590,"Friday","Weekday",2087,46.3468798578725
2023-07-22,945,"Saturday","Weekend",-5645,-85.660091047041
2023-07-23,555,"Sunday","Weekend",-390,-41.2698412698413
2023-07-24,8477,"Monday","Weekday",7922,1427.38738738739
2023-07-25,6483,"Tuesday","Weekday",-1994,-23.5224725728442
2023-07-26,4013,"Wednesday","Weekday",-2470,-38.0996452259756
2023-07-27,5563,"Thursday","Weekday",1550,38.6244704709693
2023-07-28,9117,"Friday","Weekday",3554,63.8863922344059
2023-07-29,8177,"Saturday","Weekend",-940,-10.3104091258089
2023-07-30,4951,"Sunday","Weekend",-3226,-39.452121805063
2023-07-31,1196,"Monday","Weekday",-3755,-75.8432639870733
2023-08-01,1145,"Tuesday","Weekday",-51,-4.26421404682274
2023-08-02,1278,"Wednesday","Weekday",133,11.6157205240175
2023-08-03,7585,"Thursday","Weekday",6307,493.505477308294
2023-08-04,12586,"Friday","Weekday",5001,65.932762030323
2023-08-05,1480,"Saturday","Weekend",-11106,-88.2409025901796
2023-08-06,5396,"Sunday","Weekend",3916,264.594594594595
2023-08-07,6032,"Monday","Weekday",636,11.7865085248332
2023-08-08,3076,"Tuesday","Weekday",-2956,-49.0053050397878
2023-08-09,7018,"Wednesday","Weekday",3942,128.15344603381
2023-08-10,10133,"Thursday","Weekday",3115,44.3858649187803
2023-08-11,13048,"Friday","Weekday",2915,28.7673936642653
2023-08-12,4482,"Saturday","Weekend",-8566,-65.6499080318823
2023-08-13,3421,"Sunday","Weekend",-1061,-23.6724676483713
2023-08-14,6306,"Monday","Weekday",2885,84.3320666471792
2023-08-15,2684,"Tuesday","Weekday",-3622,-57.4373612432604
2023-08-16,6691,"Wednesday","Weekday",4007,149.292101341282
2023-08-17,2951,"Thursday","Weekday",-3740,-55.8959796741892
2023-08-18,9256,"Friday","Weekday",6305,213.656387665198
2023-08-19,4323,"Saturday","Weekend",-4933,-53.2951598962835
2023-08-20,5417,"Sunday","Weekend",1094,25.3065001156604
2023-08-21,9517,"Monday","Weekday",4100,75.6876499907698
2023-08-22,8544,"Tuesday","Weekday",-973,-10.2238100241673
2023-08-23,13519,"Wednesday","Weekday",4975,58.2279962546816
2023-08-24,6580,"Thursday","Weekday",-6939,-51.3277609290628
2023-08-25,1791,"Friday","Weekday",-4789,-72.7811550151976
2023-08-26,7324,"Saturday","Weekend",5533,308.93355667225
2023-08-27,86,"Sunday","Weekend",-7238,-98.8257782632441
2023-08-28,14656,"Monday","Weekday",14570,16941.8604651163
2023-08-29,5895,"Tuesday","Weekday",-8761,-59.7775655021834
2023-08-30,2068,"Wednesday","Weekday",-3827,-64.9194232400339
2023-08-31,9271,"Thursday","Weekday",7203,348.307543520309
2023-09-01,8786,"Friday","Weekday",-485,-5.23136662711682
2023-09-02,3338,"Saturday","Weekend",-5448,-62.0077395857045
2023-09-03,12180,"Sunday","Weekend",8842,264.889155182744
2023-09-04,4908,"Monday","Weekday",-7272,-59.7044334975369
2023-09-05,8531,"Tuesday","Weekday",3623,73.8182559087205
2023-09-06,8872,"Wednesday","Weekday",341,3.99718673074669
2023-09-07,10348,"Thursday","Weekday",1476,16.6366095581605
2023-09-08,28328,"Friday","Weekday",17980,173.753382296096
2023-09-09,20597,"Saturday","Weekend",-7731,-27.2910194860209
2023-09-10,6326,"Sunday","Weekend",-14271,-69.2867893382531
2023-09-11,7045,"Monday","Weekday",719,11.3657919696491
2023-09-12,5023,"Tuesday","Weekday",-2022,-28.7012065294535
2023-09-13,7240,"Wednesday","Weekday",2217,44.1369699382839
2023-09-14,7990,"Thursday","Weekday",750,10.3591160220994
2023-09-15,2896,"Friday","Weekday",-5094,-63.7546933667084
2023-09-16,6893,"Saturday","Weekend",3997,138.017955801105
2023-09-17,4217,"Sunday","Weekend",-2676,-38.8219933265632
2023-09-18,4522,"Monday","Weekday",305,7.23262983163386
2023-09-19,6407,"Tuesday","Weekday",1885,41.6850950906678
2023-09-20,9825,"Wednesday","Weekday",3418,53.3479007335727
2023-09-21,6606,"Thursday","Weekday",-3219,-32.763358778626
2023-09-22,5055,"Friday","Weekday",-1551,-23.4786557674841
2023-09-23,5568,"Saturday","Weekend",513,10.1483679525223
2023-09-24,4280,"Sunday","Weekend",-1288,-23.132183908046
2023-09-25,9542,"Monday","Weekday",5262,122.943925233645
2023-09-26,7759,"Tuesday","Weekday",-1783,-18.6858101027038
2023-09-27,5207,"Wednesday","Weekday",-2552,-32.8908364479959
2023-09-28,4035,"Thursday","Weekday",-1172,-22.5081620894949
2023-09-29,21523,"Friday","Weekday",17488,433.407682775712
2023-09-30,4570,"Saturday","Weekend",-16953,-78.7669005250198
2023-10-01,8187,"Sunday","Weekend",3617,79.1466083150985
2023-10-02,6686,"Monday","Weekday",-1501,-18.3339440576524
2023-10-03,7400,"Tuesday","Weekday",714,10.6790308106491
2023-10-04,8853,"Wednesday","Weekday",1453,19.6351351351351
2023-10-05,5437,"Thursday","Weekday",-3416,-38.5857901276404
2023-10-06,21856,"Friday","Weekday",16419,301.986389553062
2023-10-07,2910,"Saturday","Weekend",-18946,-86.6855783308931
2023-10-08,2931,"Sunday","Weekend",21,0.721649484536082
2023-10-09,7688,"Monday","Weekday",4757,162.29955646537
2023-10-10,2311,"Tuesday","Weekday",-5377,-69.9401664932362
2023-10-11,5837,"Wednesday","Weekday",3526,152.574643011683
2023-10-12,5500,"Thursday","Weekday",-337,-5.77351379133116
2023-10-13,3148,"Friday","Weekday",-2352,-42.7636363636364
2023-10-14,1844,"Saturday","Weekend",-1304,-41.423125794155
2023-10-15,1604,"Sunday","Weekend",-240,-13.0151843817787
2023-10-16,7104,"Monday","Weekday",5500,342.8927680798
2023-10-17,5171,"Tuesday","Weekday",-1933,-27.2100225225225
2023-10-18,4799,"Wednesday","Weekday",-372,-7.19396635080255
2023-10-19,8603,"Thursday","Weekday",3804,79.2665138570536
2023-10-20,15475,"Friday","Weekday",6872,79.8791119376962
2023-10-21,3876,"Saturday","Weekend",-11599,-74.9531502423263
2023-10-22,6925,"Sunday","Weekend",3049,78.6635706914345
2023-10-23,5306,"Monday","Weekday",-1619,-23.3790613718412
2023-10-24,1624,"Tuesday","Weekday",-3682,-69.3931398416887
2023-10-25,67,"Wednesday","Weekday",-1557,-95.8743842364532
2023-10-26,3251,"Thursday","Weekday",3184,4752.23880597015
2023-10-27,1111,"Friday","Weekday",-2140,-65.8258997231621
2023-10-28,16970,"Saturday","Weekend",15859,1427.45274527453
2023-10-29,3144,"Sunday","Weekend",-13826,-81.4731879787861
2023-10-30,4531,"Monday","Weekday",1387,44.1157760814249
2023-10-31,6695,"Tuesday","Weekday",2164,47.7598764069742
2023-11-01,5635,"Wednesday","Weekday",-1060,-15.832710978342
2023-11-02,17284,"Thursday","Weekday",11649,206.725820763088
2023-11-03,21808,"Friday","Weekday",4524,26.1744966442953
2023-11-04,7964,"Saturday","Weekend",-13844,-63.481291269259
2023-11-05,9235,"Sunday","Weekend",1271,15.9593169261678
2023-11-06,10213,"Monday","Weekday",978,10.5901461829995
2023-11-07,4708,"Tuesday","Weekday",-5505,-53.9018897483599
2023-11-08,5981,"Wednesday","Weekday",1273,27.0390824129142
2023-11-09,15260,"Thursday","Weekday",9279,155.141280722287
2023-11-10,7612,"Friday","Weekday",-7648,-50.1179554390564
2023-11-11,10663,"Saturday","Weekend",3051,40.0814503415659
2023-11-12,16321,"Sunday","Weekend",5658,53.0619900590828
2023-11-13,5258,"Monday","Weekday",-11063,-67.7838367747074
2023-11-14,8890,"Tuesday","Weekday",3632,69.0756941802967
2023-11-15,10155,"Wednesday","Weekday",1265,14.2294713160855
2023-11-16,15295,"Thursday","Weekday",5140,50.6154603643525
2023-11-17,9796,"Friday","Weekday",-5499,-35.9529257927427
2023-11-18,9211,"Saturday","Weekend",-585,-5.97182523478971
2023-11-19,8143,"Sunday","Weekend",-1068,-11.5948322657692
2023-11-20,5169,"Monday","Weekday",-2974,-36.5221662777846
2023-11-21,8875,"Tuesday","Weekday",3706,71.6966531243954
2023-11-22,6915,"Wednesday","Weekday",-1960,-22.0845070422535
2023-11-23,10627,"Thursday","Weekday",3712,53.6804049168474
2023-11-24,6927,"Friday","Weekday",-3700,-34.8169756281171
2023-11-25,15389,"Saturday","Weekend",8462,122.159665078678
2023-11-26,10224,"Sunday","Weekend",-5165,-33.5629345636494
2023-11-27,12821,"Monday","Weekday",2597,25.4010172143975
2023-11-28,8570,"Tuesday","Weekday",-4251,-33.156540051478
2023-11-29,6482,"Wednesday","Weekday",-2088,-24.3640606767795
2023-11-30,6197,"Thursday","Weekday",-285,-4.39679111385375
2023-12-01,13236,"Friday","Weekday",7039,113.587219622398
2023-12-02,12952,"Saturday","Weekend",-284,-2.14566334239952
2023-12-03,12264,"Sunday","Weekend",-688,-5.31192093885114
2023-12-04,7722,"Monday","Weekday",-4542,-37.0352250489237
2023-12-05,9572,"Tuesday","Weekday",1850,23.957523957524
2023-12-06,14309,"Wednesday","Weekday",4737,49.4880902632679
2023-12-07,10257,"Thursday","Weekday",-4052,-28.3178419176742
2023-12-08,17528,"Friday","Weekday",7271,70.888173929999
2023-12-09,2218,"Saturday","Weekend",-15310,-87.3459607485167
2023-12-10,4347,"Sunday","Weekend",2129,95.9873760144274
2023-12-11,3805,"Monday","Weekday",-542,-12.4683689901081
2023-12-12,7675,"Tuesday","Weekday",3870,101.708278580815
2023-12-13,6601,"Wednesday","Weekday",-1074,-13.9934853420195
2023-12-14,3464,"Thursday","Weekday",-3137,-47.5231025602181
2023-12-15,7560,"Friday","Weekday",4096,118.24480369515
2023-12-16,3318,"Saturday","Weekend",-4242,-56.1111111111111
2023-12-17,8086,"Sunday","Weekend",4768,143.701024713683
2023-12-18,6854,"Monday","Weekday",-1232,-15.236210734603
2023-12-19,3677,"Tuesday","Weekday",-3177,-46.3524948934929
2023-12-20,9035,"Wednesday","Weekday",5358,145.71661680718
2023-12-21,13316,"Thursday","Weekday",4281,47.382401770891
2023-12-22,24419,"Friday","Weekday",11103,83.3808951637128
2023-12-23,13035,"Saturday","Weekend",-11384,-46.619435685327
2023-12-24,949,"Sunday","Weekend",-12086,-92.7196010740315
2023-12-25,5161,"Monday","Weekday",4212,443.835616438356
2023-12-26,4607,"Tuesday","Weekday",-554,-10.7343538074017
2023-12-27,7399,"Wednesday","Weekday",2792,60.6034295637074
2023-12-28,5822,"Thursday","Weekday",-1577,-21.3136910393296
2023-12-29,7852,"Friday","Weekday",2030,34.8677430436276
2023-12-30,2762,"Saturday","Weekend",-5090,-64.824248599083
2023-12-31,5793,"Sunday","Weekend",3031,109.739319333816
2024-01-01,2480,"Monday","Weekday",-3313,-57.1897117210426
2024-01-02,5244,"Tuesday","Weekday",2764,111.451612903226
2024-01-03,1826,"Wednesday","Weekday",-3418,-65.1792524790236
2024-01-04,4889,"Thursday","Weekday",3063,167.743702081051
2024-01-05,21162,"Friday","Weekday",16273,332.849253426059
2024-01-06,2840,"Saturday","Weekend",-18322,-86.5797183631037
2024-01-07,5704,"Sunday","Weekend",2864,100.845070422535
2024-01-08,7470,"Monday","Weekday",1766,30.960729312763
2024-01-09,5394,"Tuesday","Weekday",-2076,-27.7911646586345
2024-01-10,4980,"Wednesday","Weekday",-414,-7.67519466073415
2024-01-11,3571,"Thursday","Weekday",-1409,-28.2931726907631
2024-01-12,12295,"Friday","Weekday",8724,244.301316157939
2024-01-13,13228,"Saturday","Weekend",933,7.5884505896706
2024-01-14,11297,"Sunday","Weekend",-1931,-14.597822800121
2024-01-15,8938,"Monday","Weekday",-2359,-20.881649995574
2024-01-16,5699,"Tuesday","Weekday",-3239,-36.2385321100917
2024-01-17,7161,"Wednesday","Weekday",1462,25.6536234427092
2024-01-18,6009,"Thursday","Weekday",-1152,-16.0871386677838
2024-01-19,6015,"Friday","Weekday",6,0.0998502246630055
2024-01-20,4546,"Saturday","Weekend",-1469,-24.4222776392352
2024-01-21,1388,"Sunday","Weekend",-3158,-69.4676638803344
2024-01-22,2653,"Monday","Weekday",1265,91.1383285302594
2024-01-23,11547,"Tuesday","Weekday",8894,335.2431209951
2024-01-24,6618,"Wednesday","Weekday",-4929,-42.6864120550792
2024-01-25,4740,"Thursday","Weekday",-1878,-28.377153218495
2024-01-26,4806,"Friday","Weekday",66,1.39240506329114
2024-01-27,10625,"Saturday","Weekend",5819,121.077819392426
2024-01-28,6562,"Sunday","Weekend",-4063,-38.24
2024-01-29,3605,"Monday","Weekday",-2957,-45.0624809509296
2024-01-30,11853,"Tuesday","Weekday",8248,228.79334257975
2024-01-31,9147,"Wednesday","Weekday",-2706,-22.8296633763604
2024-02-01,9972,"Thursday","Weekday",825,9.01935060675631
2024-02-02,8006,"Friday","Weekday",-1966,-19.7152025671881
2024-02-03,8719,"Saturday","Weekend",713,8.90582063452411
2024-02-04,13335,"Sunday","Weekend",4616,52.9418511297167
2024-02-05,3985,"Monday","Weekday",-9350,-70.1162354705662
2024-02-06,6576,"Tuesday","Weekday",2591,65.0188205771644
2024-02-07,4685,"Wednesday","Weekday",-1891,-28.7560827250608
2024-02-08,8345,"Thursday","Weekday",3660,78.1216648879402
2024-02-09,7040,"Friday","Weekday",-1305,-15.638106650689
2024-02-10,6944,"Saturday","Weekend",-96,-1.36363636363636
2024-02-11,2050,"Sunday","Weekend",-4894,-70.4781105990783
2024-02-12,7115,"Monday","Weekday",5065,247.073170731707
2024-02-13,13994,"Tuesday","Weekday",6879,96.6830639494027
2024-02-14,7330,"Wednesday","Weekday",-6664,-47.6204087466057
2024-02-15,11211,"Thursday","Weekday",3881,52.9467939972715
2024-02-16,13390,"Friday","Weekday",2179,19.4362679511194
2024-02-17,21591,"Saturday","Weekend",8201,61.2471994025392
2024-02-18,8699,"Sunday","Weekend",-12892,-59.7100643786763
2024-02-19,6674,"Monday","Weekday",-2025,-23.2785377629613
2024-02-20,9275,"Tuesday","Weekday",2601,38.9721306562781
2024-02-21,9585,"Wednesday","Weekday",310,3.34231805929919
2024-02-22,8328,"Thursday","Weekday",-1257,-13.1142410015649
2024-02-23,11772,"Friday","Weekday",3444,41.3544668587896
2024-02-24,4171,"Saturday","Weekend",-7601,-64.5684675501189
2024-02-25,6495,"Sunday","Weekend",2324,55.7180532246464
2024-02-26,5238,"Monday","Weekday",-1257,-19.3533487297921
2024-02-27,12192,"Tuesday","Weekday",6954,132.760595647194
2024-02-28,4960,"Wednesday","Weekday",-7232,-59.3175853018373
2024-02-29,14340,"Thursday","Weekday",9380,189.112903225806
2024-03-01,9381,"Friday","Weekday",-4959,-34.581589958159
2024-03-02,10563,"Saturday","Weekend",1182,12.5999360409338
2024-03-03,11145,"Sunday","Weekend",582,5.5097983527407
2024-03-04,7560,"Monday","Weekday",-3585,-32.1668909825034
2024-03-05,11362,"Tuesday","Weekday",3802,50.2910052910053
2024-03-06,5880,"Wednesday","Weekday",-5482,-48.2485477908819
2024-03-07,4754,"Thursday","Weekday",-1126,-19.1496598639456
2024-03-08,12385,"Friday","Weekday",7631,160.51745898191
2024-03-09,13937,"Saturday","Weekend",1552,12.5312878482035
2024-03-10,13957,"Sunday","Weekend",20,0.143502905933845
2024-03-11,7490,"Monday","Weekday",-6467,-46.3351723149674
2024-03-12,11200,"Tuesday","Weekday",3710,49.5327102803738
2024-03-13,8689,"Wednesday","Weekday",-2511,-22.4196428571429
2024-03-14,9146,"Thursday","Weekday",457,5.25952353550466
2024-03-15,9939,"Friday","Weekday",793,8.6704570303958
2024-03-16,14645,"Saturday","Weekend",4706,47.3488278498843
2024-03-17,5554,"Sunday","Weekend",-9091,-62.0757937862752
2024-03-18,6125,"Monday","Weekday",571,10.2808786460209
2024-03-19,9151,"Tuesday","Weekday",3026,49.4040816326531
2024-03-20,4619,"Wednesday","Weekday",-4532,-49.5246421156158
2024-03-21,10460,"Thursday","Weekday",5841,126.455942844772
2024-03-22,7651,"Friday","Weekday",-2809,-26.8546845124283
2024-03-23,7267,"Saturday","Weekend",-384,-5.01895177101033
2024-03-24,4057,"Sunday","Weekend",-3210,-44.172285674969
2024-03-25,8387,"Monday","Weekday",4330,106.729110179936
2024-03-26,9002,"Tuesday","Weekday",615,7.33277691665673
2024-03-27,5306,"Wednesday","Weekday",-3696,-41.0575427682737
2024-03-28,4868,"Thursday","Weekday",-438,-8.2548058801357
2024-03-29,7737,"Friday","Weekday",2869,58.9359079704191
2024-03-30,13442,"Saturday","Weekend",5705,73.7365904097195
2024-03-31,8266,"Sunday","Weekend",-5176,-38.5061746763874
2024-04-01,12971,"Monday","Weekday",4705,56.9199128962013
2024-04-02,13712,"Tuesday","Weekday",741,5.71274381312158
2024-04-03,5358,"Wednesday","Weekday",-8354,-60.9247374562427
2024-04-04,9457,"Thursday","Weekday",4099,76.5024262784621
2024-04-05,11237,"Friday","Weekday",1780,18.8220365866554
2024-04-06,9460,"Saturday","Weekend",-1777,-15.8138293138738
2024-04-07,9110,"Sunday","Weekend",-350,-3.69978858350951
2024-04-08,10289,"Monday","Weekday",1179,12.9418221734358
2024-04-09,10393,"Tuesday","Weekday",104,1.01078822042959
2024-04-10,18721,"Wednesday","Weekday",8328,80.1308573078033
2024-04-11,7655,"Thursday","Weekday",-11066,-59.1100902729555
2024-04-12,6013,"Friday","Weekday",-1642,-21.4500326583932
2024-04-13,15693,"Saturday","Weekend",9680,160.984533510727
2024-04-14,14710,"Sunday","Weekend",-983,-6.26393933600969
2024-04-15,7338,"Monday","Weekday",-7372,-50.1155676410605
2024-04-16,13012,"Tuesday","Weekday",5674,77.3235213954756
2024-04-17,9147,"Wednesday","Weekday",-3865,-29.7033507531509
2024-04-18,6832,"Thursday","Weekday",-2315,-25.3088444298677
2024-04-19,7604,"Friday","Weekday",772,11.2997658079625
2024-04-20,13215,"Saturday","Weekend",5611,73.7901104681746
2024-04-21,13365,"Sunday","Weekend",150,1.13507377979569
2024-04-22,5301,"Monday","Weekday",-8064,-60.3367003367003
2024-04-23,12181,"Tuesday","Weekday",6880,129.786832673081
2024-04-24,4542,"Wednesday","Weekday",-7639,-62.7124209834989
2024-04-25,1185,"Thursday","Weekday",-3357,-73.9101717305152
2024-04-26,13168,"Friday","Weekday",11983,1011.22362869198
2024-04-27,8237,"Saturday","Weekend",-4931,-37.4468408262454
2024-04-28,6039,"Sunday","Weekend",-2198,-26.6844725021246
2024-04-29,6650,"Monday","Weekday",611,10.1175691339626
2024-04-30,8899,"Tuesday","Weekday",2249,33.8195488721804
2024-05-01,9818,"Wednesday","Weekday",919,10.3270030340488
2024-05-02,3863,"Thursday","Weekday",-5955,-60.6539009981666
2024-05-03,9951,"Friday","Weekday",6088,157.597721977738
2024-05-04,18730,"Saturday","Weekend",8779,88.2222892171641
2024-05-05,7363,"Sunday","Weekend",-11367,-60.6887346502936
2024-05-06,6332,"Monday","Weekday",-1031,-14.002444655711
2024-05-07,13373,"Tuesday","Weekday",7041,111.197094125079
2024-05-08,6201,"Wednesday","Weekday",-7172,-53.6304494129963
2024-05-09,9416,"Thursday","Weekday",3215,51.8464763747783
2024-05-10,7949,"Friday","Weekday",-1467,-15.5798640611725
2024-05-11,8501,"Saturday","Weekend",552,6.94426971946157
2024-05-12,12194,"Sunday","Weekend",3693,43.4419480061169
2024-05-13,9490,"Monday","Weekday",-2704,-22.1748400852878
2024-05-14,10525,"Tuesday","Weekday",1035,10.9062170706006
2024-05-15,9456,"Wednesday","Weekday",-1069,-10.1567695961995
2024-05-16,11268,"Thursday","Weekday",1812,19.1624365482234
2024-05-17,9669,"Friday","Weekday",-1599,-14.1906283280085
2024-05-18,24439,"Saturday","Weekend",14770,152.756231254525
2024-05-19,21459,"Sunday","Weekend",-2980,-12.1936249437375
2024-05-20,7442,"Monday","Weekday",-14017,-65.3199123910713
2024-05-21,12134,"Tuesday","Weekday",4692,63.0475678581027
2024-05-22,17006,"Wednesday","Weekday",4872,40.1516400197791
2024-05-23,14113,"Thursday","Weekday",-2893,-17.0116429495472
2024-05-24,6745,"Friday","Weekday",-7368,-52.2071848650181
2024-05-25,12244,"Saturday","Weekend",5499,81.527057079318
2024-05-26,6057,"Sunday","Weekend",-6187,-50.530872263966
2024-05-27,7779,"Monday","Weekday",1722,28.4299157999009
2024-05-28,6277,"Tuesday","Weekday",-1502,-19.3083943951665
2024-05-29,8143,"Wednesday","Weekday",1866,29.7275768679305
2024-05-30,9029,"Thursday","Weekday",886,10.8805108682304
2024-05-31,11674,"Friday","Weekday",2645,29.2944955144534
2024-06-01,14744,"Saturday","Weekend",3070,26.2977556964194
2024-06-02,11585,"Sunday","Weekend",-3159,-21.4256646771568
2024-06-03,9543,"Monday","Weekday",-2042,-17.6262408286577
2024-06-04,11391,"Tuesday","Weekday",1848,19.3649795661742
2024-06-05,10731,"Wednesday","Weekday",-660,-5.79404793257835
2024-06-06,12493,"Thursday","Weekday",1762,16.4197185723605
2024-06-07,14690,"Friday","Weekday",2197,17.585848074922
2024-06-08,14547,"Saturday","Weekend",-143,-0.973451327433628
2024-06-09,16009,"Sunday","Weekend",1462,10.0501821681446
2024-06-10,8407,"Monday","Weekday",-7602,-47.4857892435505
2024-06-11,13347,"Tuesday","Weekday",4940,58.760556678958
2024-06-12,12413,"Wednesday","Weekday",-934,-6.99782722709223
2024-06-13,6953,"Thursday","Weekday",-5460,-43.9861435591718
2024-06-14,4496,"Friday","Weekday",-2457,-35.3372644901481
2024-06-15,17936,"Saturday","Weekend",13440,298.932384341637
2024-06-16,1529,"Sunday","Weekend",-16407,-91.4752453166815
2024-06-17,9162,"Monday","Weekday",7633,499.215173315893
2024-06-18,11632,"Tuesday","Weekday",2470,26.9591792185112
2024-06-19,11633,"Wednesday","Weekday",1,0.00859697386519945
2024-06-20,14501,"Thursday","Weekday",2868,24.6540015473223
2024-06-21,13722,"Friday","Weekday",-779,-5.37204330735811
2024-06-22,15394,"Saturday","Weekend",1672,12.1848127095176
2024-06-23,12902,"Sunday","Weekend",-2492,-16.1881252436014
2024-06-24,6696,"Monday","Weekday",-6206,-48.1010696016122
2024-06-25,9959,"Tuesday","Weekday",3263,48.7305854241338
2024-06-26,3921,"Wednesday","Weekday",-6038,-60.6285771663822
2024-06-27,1968,"Thursday","Weekday",-1953,-49.8087222647284
2024-06-28,585,"Friday","Weekday",-1383,-70.2743902439024
2024-06-29,2640,"Saturday","Weekend",2055,351.282051282051
2024-06-30,2593,"Sunday","Weekend",-47,-1.78030303030303
2024-07-01,2775,"Monday","Weekday",182,7.01889703046664
2024-07-02,8144,"Tuesday","Weekday",5369,193.477477477477
2024-07-03,10741,"Wednesday","Weekday",2597,31.8885068762279
2024-07-04,13141,"Thursday","Weekday",2400,22.3442882413183
2024-07-05,7200,"Friday","Weekday",-5941,-45.2096491895594
2024-07-06,8014,"Saturday","Weekend",814,11.3055555555556
2024-07-07,6783,"Sunday","Weekend",-1231,-15.3606189168954
2024-07-08,11501,"Monday","Weekday",4718,69.5562435500516
2024-07-09,10896,"Tuesday","Weekday",-605,-5.26041213807495
2024-07-10,12213,"Wednesday","Weekday",1317,12.0870044052863
2024-07-11,11624,"Thursday","Weekday",-589,-4.82272987799885
2024-07-12,12154,"Friday","Weekday",530,4.55953200275292
2024-07-13,7128,"Saturday","Weekend",-5026,-41.3526411058088
2024-07-14,15190,"Sunday","Weekend",8062,113.103254769921
2024-07-15,12694,"Monday","Weekday",-2496,-16.4318630678078
2024-07-16,17618,"Tuesday","Weekday",4924,38.7899795178825
2024-07-17,9344,"Wednesday","Weekday",-8274,-46.9633329549325
2024-07-18,15602,"Thursday","Weekday",6258,66.9734589041096
2024-07-19,12047,"Friday","Weekday",-3555,-22.7855403153442
2024-07-20,6270,"Saturday","Weekend",-5777,-47.9538474308957
2024-07-21,9168,"Sunday","Weekend",2898,46.2200956937799
2024-07-22,7446,"Monday","Weekday",-1722,-18.782722513089
2024-07-23,11906,"Tuesday","Weekday",4460,59.8979317754499
2024-07-24,7815,"Wednesday","Weekday",-4091,-34.3608264740467
2024-07-25,11590,"Thursday","Weekday",3775,48.3045425463852
2024-07-26,12039,"Friday","Weekday",449,3.87402933563417
2024-07-27,17792,"Saturday","Weekend",5753,47.786360993438
2024-07-28,16385,"Sunday","Weekend",-1407,-7.90804856115108
2024-07-29,14018,"Monday","Weekday",-2367,-14.4461397619774
2024-07-30,2966,"Tuesday","Weekday",-11052,-78.8414895134827
2024-07-31,1415,"Wednesday","Weekday",-1551,-52.2926500337154
2024-08-01,16404,"Thursday","Weekday",14989,1059.29328621908
2024-08-02,7042,"Friday","Weekday",-9362,-57.0714459887832
2024-08-03,14400,"Saturday","Weekend",7358,104.487361545016
2024-08-04,10726,"Sunday","Weekend",-3674,-25.5138888888889
2024-08-05,13023,"Monday","Weekday",2297,21.4152526570949
2024-08-06,17698,"Tuesday","Weekday",4675,35.898026568379
2024-08-07,7592,"Wednesday","Weekday",-10106,-57.1024974573398
2024-08-08,14020,"Thursday","Weekday",6428,84.668071654373
2024-08-09,10372,"Friday","Weekday",-3648,-26.0199714693295
2024-08-10,13761,"Saturday","Weekend",3389,32.6745082915542
2024-08-11,19967,"Sunday","Weekend",6206,45.0984666812005
2024-08-12,6116,"Monday","Weekday",-13851,-69.3694596083538
2024-08-13,6837,"Tuesday","Weekday",721,11.7887508175278
2024-08-14,8164,"Wednesday","Weekday",1327,19.4090975574082
2024-08-15,6432,"Thursday","Weekday",-1732,-21.2150906418422
2024-08-16,9742,"Friday","Weekday",3310,51.4614427860697
2024-08-17,1048,"Saturday","Weekend",-8694,-89.2424553479778
2024-08-18,8052,"Sunday","Weekend",7004,668.320610687023
2024-08-19,5778,"Monday","Weekday",-2274,-28.2414307004471
2024-08-20,3554,"Tuesday","Weekday",-2224,-38.490827275874
2024-08-21,11909,"Wednesday","Weekday",8355,235.087225661227
2024-08-22,8585,"Thursday","Weekday",-3324,-27.9116634478126
2024-08-23,6483,"Friday","Weekday",-2102,-24.4845661036692
2024-08-24,1559,"Saturday","Weekend",-4924,-75.9524911306494
2024-08-25,2777,"Sunday","Weekend",1218,78.1270044900577
2024-08-26,8655,"Monday","Weekday",5878,211.667266834714
2024-08-27,18609,"Tuesday","Weekday",9954,115.008665511265
2024-08-28,10959,"Wednesday","Weekday",-7650,-41.1091407383524
2024-08-29,15491,"Thursday","Weekday",4532,41.3541381512912
2024-08-30,12923,"Friday","Weekday",-2568,-16.5773675037118
2024-08-31,18322,"Saturday","Weekend",5399,41.7782248703861
2024-09-01,2991,"Sunday","Weekend",-15331,-83.6753629516428
2024-09-02,17787,"Monday","Weekday",14796,494.684052156469
2024-09-03,4890,"Tuesday","Weekday",-12897,-72.5080114690504
2024-09-04,7161,"Wednesday","Weekday",2271,46.441717791411
2024-09-05,4547,"Thursday","Weekday",-2614,-36.503281664572
2024-09-06,9009,"Friday","Weekday",4462,98.1306355839015
2024-09-07,5922,"Saturday","Weekend",-3087,-34.2657342657343
2024-09-08,7615,"Sunday","Weekend",1693,28.5883147585275
2024-09-09,11829,"Monday","Weekday",4214,55.3381483913329
2024-09-10,4086,"Tuesday","Weekday",-7743,-65.4577732690845
2024-09-11,6964,"Wednesday","Weekday",2878,70.4356338717572
2024-09-12,6923,"Thursday","Weekday",-41,-0.588742102240092
2024-09-13,6274,"Friday","Weekday",-649,-9.37454860609562
2024-09-14,4335,"Saturday","Weekend",-1939,-30.905323557539
2024-09-15,16305,"Sunday","Weekend",11970,276.124567474048
2024-09-16,9308,"Monday","Weekday",-6997,-42.9132168046611
2024-09-17,12244,"Tuesday","Weekday",2936,31.5427589170606
2024-09-18,11377,"Wednesday","Weekday",-867,-7.08101927474682
2024-09-19,15958,"Thursday","Weekday",4581,40.265447833348
2024-09-20,10920,"Friday","Weekday",-5038,-31.5703722270961
2024-09-21,2409,"Saturday","Weekend",-8511,-77.9395604395604
2024-09-22,5322,"Sunday","Weekend",2913,120.921544209215
2024-09-23,3538,"Monday","Weekday",-1784,-33.521232619316
2024-09-24,6373,"Tuesday","Weekday",2835,80.1300169587337
2024-09-25,8163,"Wednesday","Weekday",1790,28.0872430566452
2024-09-26,15129,"Thursday","Weekday",6966,85.3362734288864
2024-09-27,7322,"Friday","Weekday",-7807,-51.6028818824774
2024-09-28,14309,"Saturday","Weekend",6987,95.4247473367932
2024-09-29,4100,"Sunday","Weekend",-10209,-71.3467048710602
2024-09-30,6422,"Monday","Weekday",2322,56.6341463414634
2024-10-01,2563,"Tuesday","Weekday",-3859,-60.0903145437558
2024-10-02,7102,"Wednesday","Weekday",4539,177.097151775263
2024-10-03,11228,"Thursday","Weekday",4126,58.0963108983385
2024-10-04,6746,"Friday","Weekday",-4482,-39.9180619878874
2024-10-05,9627,"Saturday","Weekend",2881,42.7067892084198
2024-10-06,1479,"Sunday","Weekend",-8148,-84.6369585540667
2024-10-07,11952,"Monday","Weekday",10473,708.113590263692
2024-10-08,2787,"Tuesday","Weekday",-9165,-76.6817269076305
2024-10-09,5833,"Wednesday","Weekday",3046,109.293146752781
2024-10-10,7384,"Thursday","Weekday",1551,26.590090862335
2024-10-11,6218,"Friday","Weekday",-1166,-15.7908992416035
2024-10-12,2435,"Saturday","Weekend",-3783,-60.8394982309424
2024-10-13,3560,"Sunday","Weekend",1125,46.2012320328542
2024-10-14,13490,"Monday","Weekday",9930,278.932584269663
2024-10-15,4891,"Tuesday","Weekday",-8599,-63.7435137138621
2024-10-16,7313,"Wednesday","Weekday",2422,49.5195256593744
2024-10-17,13570,"Thursday","Weekday",6257,85.5599617120197
2024-10-18,11071,"Friday","Weekday",-2499,-18.415622697126
2024-10-19,140,"Saturday","Weekend",-10931,-98.7354349200614
2024-10-20,2318,"Sunday","Weekend",2178,1555.71428571429
2024-10-21,9625,"Monday","Weekday",7307,315.228645383952
2024-10-22,8837,"Tuesday","Weekday",-788,-8.18701298701299
2024-10-23,9447,"Wednesday","Weekday",610,6.90279506619894
2024-10-24,14683,"Thursday","Weekday",5236,55.4250026463428
2024-10-25,16277,"Friday","Weekday",1594,10.8560920792754
2024-10-26,18838,"Saturday","Weekend",2561,15.7338575904651
2024-10-27,13442,"Sunday","Weekend",-5396,-28.6442297483809
2024-10-28,11551,"Monday","Weekday",-1891,-14.0678470465705
2024-10-29,9155,"Tuesday","Weekday",-2396,-20.7427928317895
2024-10-30,10059,"Wednesday","Weekday",904,9.87438558164937
2024-10-31,11950,"Thursday","Weekday",1891,18.7990853961626
2024-11-01,14306,"Friday","Weekday",2356,19.7154811715481
2024-11-02,13779,"Saturday","Weekend",-527,-3.68376904795191
2024-11-03,6955,"Sunday","Weekend",-6824,-49.5246389433195
2024-11-04,14249,"Monday","Weekday",7294,104.874191229331
2024-11-05,8383,"Tuesday","Weekday",-5866,-41.1678012492105
2024-11-06,14011,"Wednesday","Weekday",5628,67.1358702135274
2024-11-07,15221,"Thursday","Weekday",1210,8.63607165798301
2024-11-08,21021,"Friday","Weekday",5800,38.1052493265883
2024-11-09,16455,"Saturday","Weekend",-4566,-21.7211360068503
2024-11-10,18857,"Sunday","Weekend",2402,14.597386812519
2024-11-11,7697,"Monday","Weekday",-11160,-59.1822665323222
2024-11-12,12556,"Tuesday","Weekday",4859,63.1284916201117
2024-11-13,10978,"Wednesday","Weekday",-1578,-12.5676967187002
2024-11-14,9855,"Thursday","Weekday",-1123,-10.2295500091091
2024-11-15,6589,"Friday","Weekday",-3266,-33.140537798072
2024-11-16,12968,"Saturday","Weekend",6379,96.8128699347397
2024-11-17,5290,"Sunday","Weekend",-7678,-59.2072794571252
2024-11-18,9287,"Monday","Weekday",3997,75.5576559546314
2024-11-19,9582,"Tuesday","Weekday",295,3.17648325616453
2024-11-20,8317,"Wednesday","Weekday",-1265,-13.2018367772908
2024-11-21,13937,"Thursday","Weekday",5620,67.5724419862931
2024-11-22,5755,"Friday","Weekday",-8182,-58.7070388175361
2024-11-23,8696,"Saturday","Weekend",2941,51.1033883579496
2024-11-24,6688,"Sunday","Weekend",-2008,-23.0910763569457
2024-11-25,5353,"Monday","Weekday",-1335,-19.9611244019139
2024-11-26,11715,"Tuesday","Weekday",6362,118.849243414908
2024-11-27,4652,"Wednesday","Weekday",-7063,-60.2902262057192
